富强民主文明和谐自由平等公正法治爱国敬业诚信友善,4,nan
富强民主文明和谐自由平等公正法治爱国敬业诚信友善,4,nan
弹幕护体弹幕护体弹幕护体弹幕护体弹幕护体弹幕护体弹幕护体弹幕护体弹幕护体弹幕护体弹幕护体弹幕弹幕,3,nan
弹幕不要有恶意 胆子小很正常 我们有高能提示 up没有,4,nan
弹幕大军冲啊,4,nan
弹幕大军呢,4,nan
富强民主文明和谐自由平等公正法治爱国敬业诚信友善,4,nan
弹幕护体弹幕护体弹幕护体弹幕护体弹幕护体弹幕护体弹幕护体弹幕护体弹幕护体弹幕护体弹幕护体弹幕护,3,nan
富强民主文明和谐自由平等公正法治爱国敬业诚信友善,4,nan
弹幕护体弹幕护体弹幕护体弹幕护体弹幕护体弹幕护体弹幕护体弹幕护体弹幕护体弹幕护体弹幕护体弹幕护,3,nan
弹幕大军呢？,4,nan
富强民主文明和谐自由平等公正法治爱国敬业诚信友善,4,nan
弹幕护体弹幕护体弹幕护体弹幕护体弹幕护体弹幕护体弹幕护体弹幕护体弹幕护体弹幕护体弹幕护体弹幕护,3,nan
耳机党阵亡,1,nan
弹幕护体弹幕护体弹幕护体弹幕护体弹幕护体弹幕护体弹幕护体弹幕护体弹幕护体弹幕护体弹幕护体弹幕护,3,nan
耳机党阵亡,1,nan
弹幕护体弹幕护体弹幕护体弹幕护体弹幕护体弹幕护体弹幕护体弹幕护体弹幕护体弹幕护体弹幕护体弹幕护,3,nan
富强民主文明和谐自由平等公正法治爱国敬业诚信友善,4,nan
耳机党吱个声,4,nan
富强民主文明和谐自由平等公正法治爱国敬业诚信友善,4,nan
富强民主文明和谐自由平等公正法治爱国敬业诚信友善,4,nan
耳机党直接去世,1,nan
弹幕护体弹幕护体弹幕护体弹幕护体弹幕护体弹幕护体弹幕护体弹幕护体弹幕护体弹幕护体弹幕护体弹幕护,3,nan
富强民主文明和谐自由平等公正法治爱国敬业诚信友善,4,nan
富强民主文明和谐自由平等公正法治爱国敬业诚信友善,4,nan
富强民主文明和谐自由平等公正法治爱国敬业诚信友善,4,nan
富强民主文明和谐自由平等公正法治爱国敬业诚信友善,4,nan
耳机党准备,4,nan
弹幕护体弹幕护体弹幕护体弹幕护体弹幕护体弹幕护体弹幕护体弹幕护体弹幕护体弹幕护体弹幕护体弹幕护体,3,nan
富强民主文明和谐自由平等公正法治爱国敬业诚信友善,4,nan
富强民主文明和谐自由平等公正法治爱国敬业诚信友善,4,nan
弹幕护体弹幕护体弹幕护体弹幕护体弹幕护体弹幕护体弹幕护体弹幕护体弹幕护体弹幕护体弹幕护体弹幕护体,3,nan
富强民主文明和谐自由平等公正法治爱国敬业诚信友善,4,nan
富强民主文明和谐自由平等公正法治爱国敬业诚信友善富强民主文明和谐自由平等公正法治爱国敬业诚信友善,4,nan
富强民主文明和谐自由平等公正法治爱国敬业诚信友善富强民主文明和谐自由平等公正法治爱国敬业诚信友善,4,nan
富强民主文明和谐自由平等公正法治爱国敬业诚信友善富强民主文明和谐自由平等公正法治爱国敬业诚信友善,4,nan
弹幕护体弹幕护体弹幕护体弹幕护体弹幕护体弹幕护体弹幕护体弹幕护体弹幕护体弹幕护体弹幕护体弹幕护体,3,nan
耳机已经废了,1,nan
富强民主文明和谐自由平等公正法治爱国敬业诚信友善富强民主文明和谐自由平等公正法治爱国敬业诚信友善富强民主文明和谐自由平等公正法治爱国敬业诚信友善,4,nan
富强民主文明和谐自由平等公正法治爱国敬业诚信友善富强民主文明和谐自由平等公正法治爱国敬业诚信友善富强民主文明和谐自由平等公正法治爱国敬业诚信友善,4,nan
弹幕护体弹幕护体弹幕护体弹幕护体弹幕护体弹幕护体弹幕护体弹幕护体弹幕护体弹幕护体弹幕护体弹幕护体,3,nan
弹幕护体弹幕护体弹幕护体弹幕护体弹幕护体弹幕护体弹幕护体弹幕护体弹幕护体弹幕护体弹幕护体弹幕护体,3,nan
弹幕护体弹幕护体弹幕护体弹幕护体弹幕护体弹幕护体弹幕护体弹幕护体弹幕护体弹幕护体弹幕护体弹幕护体,3,nan
耳鸣了,1,nan
弹幕护体弹幕护体弹幕护体弹幕护体弹幕护体弹幕护体弹幕护体弹幕护体弹幕护体弹幕护体弹幕护体弹幕护体,3,nan
富强民主文明和谐自由平等公正法治爱国敬业诚信友善富强民主文明和谐自由平等公正法治爱国敬业诚信友善富强民主文明和谐自由平等公正法治爱国敬业诚信友善,4,nan
二十多集呢，不着急,4,nan
二刷蓝字记得前方是梦境世界,4,nan
弹幕护体弹幕护体弹幕护体弹幕护体弹幕护体弹幕护体弹幕护体弹幕护体弹幕护体弹幕护体弹幕护体弹幕护体,3,nan
弹幕护体弹幕护体弹幕护体弹幕护体弹幕护体弹幕护体弹幕护体弹幕护体弹幕护体弹幕护体弹幕护体弹幕护体,3,nan
弹幕护体弹幕护体弹幕护体弹幕护体弹幕护体弹幕护体弹幕护体弹幕护体弹幕护体弹幕护体弹幕护体弹幕护体,3,nan
富强民主文明和谐自由平等公正法治爱国敬业诚信友善富强民主文明和谐自由平等公正法治爱国敬业诚信友善富强民主文明和谐自由平等公正法治爱国敬业诚信友善,4,nan
弹幕护体弹幕护体弹幕护体弹幕护体弹幕护体弹幕护体弹幕护体弹幕护体弹幕护体弹幕护体弹幕护体弹幕护体,3,nan
弹幕护体弹幕护体弹幕护体弹幕护体弹幕护体弹幕护体弹幕护体弹幕护体弹幕护体弹幕护体弹幕护体弹幕护体,3,nan
富强民主文明和谐自由平等公正法治爱国敬业诚信友善富强民主文明和谐自由平等公正法治爱国敬业诚信友善富强民主文明和谐自由平等公正法治爱国敬业诚信友善,4,nan
发生了什么我去,4,nan
弹幕护体弹幕护体弹幕护体弹幕护体弹幕护体弹幕护体弹幕护体弹幕护体弹幕护体弹幕护体弹幕护体弹幕护体,3,nan
富强民主文明和谐自由平等公正法治爱国敬业诚信友善富强民主文明和谐自由平等公正法治爱国敬业诚信友善富强民主文明和谐自由平等公正法治爱国敬业诚信友善,4,nan
弹幕护体弹幕护体弹幕护体弹幕护体弹幕护体弹幕护体弹幕护体弹幕护体弹幕护体弹幕护体弹幕护体弹幕护体啊啊啊啊啊啊啊啊啊啊啊啊啊啊啊啊啊啊啊啊啊啊啊啊啊啊啊啊啊啊啊啊啊啊啊啊啊啊啊啊啊啊啊啊啊啊啊啊啊啊啊啊,3,nan
弹幕护体弹幕护体弹幕护体弹幕护体弹幕护体弹幕护体弹幕护体弹幕护体弹幕护体弹幕护体弹幕护体弹幕护体啊啊啊啊啊啊啊啊啊啊啊啊啊啊啊啊啊啊啊啊啊啊啊啊啊啊啊啊啊啊啊啊啊啊啊啊啊啊啊啊啊啊啊啊啊啊啊啊啊啊啊啊,3,nan
富强民主文明和谐自由平等公正法治爱国敬业诚信友善富强民主文明和谐自由平等公正法治爱国敬业诚信友善富强民主文明和谐自由平等公正法治爱国敬业诚信友善,4,nan
富强民主文明和谐自由平等公正法治爱国敬业诚信友善富强民主文明和谐自由平等公正法治爱国敬业诚信友善富强民主文明和谐自由平等公正法治爱国敬业诚信友善,4,nan
富强民主文明和谐自由平等公正法治爱国敬业诚信友善富强民主文明和谐自由平等公正法治爱国敬业诚信友善富强民主文明和谐自由平等公正法治爱国敬业诚信友善,4,nan
富强民主文明和谐自由平等公正法治爱国敬业诚信友善富强民主文明和谐自由平等公正法治爱国敬业诚信友善富强民主文明和谐自由平等公正法治爱国敬业诚信友善,4,nan
弹幕护体弹幕护体弹幕护体弹幕护体弹幕护体弹幕护体弹幕护体弹幕护体弹幕护体弹幕护体弹幕护体弹幕护体弹幕弹幕护体弹幕护体弹幕护体弹幕护体弹幕护体啊啊啊啊啊啊啊啊啊啊啊啊啊啊啊啊啊啊啊啊啊啊啊啊啊啊啊啊啊啊,3,nan
富强民主文明和谐自由平等公正法治爱国敬业诚信友善富强民主文明和谐自由平等公正法治爱国敬业诚信友善富强民主文明和谐自由平等公正法治爱国敬业诚信友善,4,nan
富强民主文明和谐自由平等公正法治爱国敬业诚信友善富强民主文明和谐自由平等公正法治爱国敬业诚信友善富强民主文明和谐自由平等公正法治爱国敬业诚信友善,4,nan
富强民主文明和谐自由平等公正法治爱国敬业诚信友善富强民主文明和谐自由平等公正法治爱国敬业诚信友善富强民主文明和谐自由平等公正法治爱国敬业诚信友善,4,nan
富强民主文明和谐自由平等公正法治爱国敬业诚信友善富强民主文明和谐自由平等公正法治爱国敬业诚信友善富强民主文明和谐自由平等公正法治爱国敬业诚信友善富强民主文明和谐自由平等公正法治爱国敬业诚信友善,4,nan
富强民主文明和谐自由平等公正法治爱国敬业诚信友善富强民主文明和谐自由平等公正法治爱国敬业诚信友善富强民主文明和谐自由平等公正法治爱国敬业诚信友善富强民主文明和谐自由平等公正法治爱国敬业诚信友善,4,nan
弹幕护体弹幕护体弹幕护体弹幕护体弹幕护体弹幕护体弹幕护体弹幕护体弹幕护体弹幕护体弹幕护体弹幕护体弹幕弹幕护体弹幕护体弹幕护体弹幕护体弹幕护体啊啊啊啊啊啊啊啊啊啊啊啊啊啊啊啊啊啊啊啊啊啊啊啊啊啊啊啊啊啊,3,nan
富强民主文明和谐自由平等公正法治爱国敬业诚信友善富强民主文明和谐自由平等公正法治爱国敬业诚信友善富强民主文明和谐自由平等公正法治爱国敬业诚信友善富强民主文明和谐自由平等公正法治爱国敬业诚信友善,4,nan
富强民主文明和谐自由平等公正法治爱国敬业诚信友善富强民主文明和谐自由平等公正法治爱国敬业诚信友善富强民主文明和谐自由平等公正法治爱国敬业诚信友善富强民主文明和谐自由平等公正法治爱国敬业诚信友善,4,nan
富强民主文明和谐自由平等公正法治爱国敬业诚信友善富强民主文明和谐自由平等公正法治爱国敬业诚信友善富强民主文明和谐自由平等公正法治爱国敬业诚信友善富强民主文明和谐自由平等公正法治爱国敬业诚信友善,4,nan
富强民主文明和谐自由平等公正法治爱国敬业诚信友善富强民主文明和谐自由平等公正法治爱国敬业诚信友善富强民主文明和谐自由平等公正法治爱国敬业诚信友善富强民主文明和谐自由平等公正法治爱国敬业诚信友善,4,nan
富强民主文明和谐自由平等公正法治爱国敬业诚信友善富强民主文明和谐自由平等公正法治爱国敬业诚信友善富强民主文明和谐自由平等公正法治爱国敬业诚信友善富强民主文明和谐自由平等公正法治爱国敬业诚信友善,4,nan
富强民主文明和谐自由平等公正法治爱国敬业诚信友善富强民主文明和谐自由平等公正法治爱国敬业诚信友善富强民主文明和谐自由平等公正法治爱国敬业诚信友善富强民主文明和谐自由平等公正法治爱国敬业诚信友善富强民主,4,nan
富强民主文明和谐自由平等公证法治爱国敬业诚信友善,4,nan
富强民族文明和谐自由平等公正法治爱国敬业诚信友善,4,nan
富强民族文明和谐自由平等公正法治爱国敬业诚信友善,4,nan
富强明主文明和谐自由平等公正法治爱国敬业诚信友善,4,nan
富强文明,4,nan
嘎,4,nan
嘎,4,nan
嘎  嘎  嘎嘎  嘎嘎   嘎,4,nan
嘎！！！！,4,nan
非常感谢高能君,0,nan
嘎嘎嘎,4,nan
弹幕护体弹幕护体弹幕护体弹幕护体弹幕护体弹幕护体弹幕护体弹幕护体弹幕护体弹幕护体弹幕护体弹幕护体弹幕弹幕护体弹幕护体弹幕护体弹幕护体弹幕护体啊啊啊啊啊啊啊啊啊啊啊啊啊啊啊啊啊啊啊啊啊啊啊啊啊啊啊啊啊啊,3,nan
发现没有，好像越晕路就不对,4,nan
弹幕护体弹幕护体弹幕护体弹幕护体弹幕护体弹幕护体弹幕护体弹幕护体弹幕护体弹幕护体弹幕护体弹幕护体弹幕弹幕护体弹幕护体弹幕护体弹幕护体弹幕护体啊啊啊啊啊啊啊啊啊啊啊啊啊啊啊啊啊啊啊啊啊啊啊啊啊啊啊啊啊啊,3,nan
弹幕护体弹幕护体弹幕护体弹幕护体弹幕护体弹幕护体弹幕护体弹幕护体弹幕护体弹幕护体弹幕护体弹幕护体弹幕护体,3,nan
弹幕护体弹幕护体弹幕护体弹幕护体弹幕护体弹幕护体弹幕护体弹幕护体弹幕护体弹幕护体弹幕护体弹幕护体弹幕护体,3,nan
发现我身边好多双鱼,4,nan
嘎嘎嘎?,4,nan
弹幕护体弹幕护体弹幕护体弹幕护体弹幕护体弹幕护体弹幕护体弹幕护体弹幕护体弹幕护体弹幕护体弹幕护体弹幕护体,3,nan
弹幕护体弹幕护体弹幕护体弹幕护体弹幕护体弹幕护体弹幕护体弹幕护体弹幕护体弹幕护体弹幕护体弹幕护体弹幕护体啊啊啊啊啊啊啊啊啊啊啊啊啊啊啊啊啊啊啊啊啊啊啊啊啊啊啊啊啊啊啊啊啊啊啊啊啊啊啊啊啊啊啊啊啊啊啊啊,3,nan
反复暂停就是没看清长啥样,4,nan
弹幕护体弹幕护体弹幕护体弹幕护体弹幕护体弹幕护体弹幕护体弹幕护体弹幕护体弹幕护体弹幕护体弹幕护体弹幕护体弹幕护体,3,nan
弹幕护体弹幕护体弹幕护体弹幕护体弹幕护体弹幕护体弹幕护体弹幕护体弹幕护体弹幕护体弹幕护体弹幕护体弹幕护体弹幕护体,3,nan
噶,4,nan
弹幕护体弹幕护体弹幕护体弹幕护体弹幕护体弹幕护体弹幕护体弹幕护体弹幕护体弹幕护体弹幕护体弹幕护体弹幕护体弹幕护体,3,nan
噶,4,nan
弹幕护体弹幕护体弹幕护体弹幕护体弹幕护体弹幕护体弹幕护体弹幕护体弹幕护体弹幕护体弹幕护体弹幕护体弹幕护体弹幕护体,3,nan
弹幕护体弹幕护体弹幕护体弹幕护体弹幕护体弹幕护体弹幕护体弹幕护体弹幕护体弹幕护体弹幕护体弹幕护体弹幕护体弹幕护体啊啊啊啊啊啊啊啊啊啊啊啊啊啊啊啊啊啊啊啊啊啊啊啊啊啊啊啊啊,3,nan
弹幕护体弹幕护体弹幕护体弹幕护体弹幕护体弹幕护体弹幕护体弹幕护体弹幕护体弹幕护体弹幕护体弹幕护体弹幕护体弹幕护体弹幕护体,3,nan
弹幕护体弹幕护体弹幕护体弹幕护体弹幕护体弹幕护体弹幕护体弹幕护体弹幕护体弹幕护体弹幕护体弹幕护体弹幕护体弹幕护体弹幕护体啊啊啊啊啊啊啊啊啊啊啊啊啊啊啊啊啊啊啊啊啊啊啊啊啊啊啊啊啊啊啊啊啊啊啊啊啊啊啊,3,nan
该配合（白）米演出的我，尽力在表演。。。。。。,4,nan
弹幕护体弹幕护体弹幕护体弹幕护体弹幕护体弹幕护体弹幕护体弹幕护体弹幕护体弹幕护体弹幕护体弹幕护体弹幕护体弹幕护体弹幕护体弹幕护体,3,nan
弹幕护体弹幕护体弹幕护体弹幕护体弹幕护体弹幕护体弹幕护体弹幕护体弹幕护体弹幕护体弹幕护体弹幕护体弹幕护体弹幕护体弹幕护体弹幕护体啊啊啊啊啊啊啊啊啊啊啊啊啊啊啊啊啊啊啊啊啊啊啊啊啊啊啊啊啊啊啊啊啊啊啊,3,nan
弹幕护体弹幕护体弹幕护体弹幕护体弹幕护体弹幕护体弹幕护体弹幕护体弹幕护体弹幕护体弹幕护体弹幕护体弹幕护体弹幕护体弹幕护体弹幕护体弹幕护体,3,nan
弹幕护体弹幕护体弹幕护体弹幕护体弹幕护体弹幕护体弹幕护体弹幕护体弹幕护体弹幕护体弹幕护体弹幕护体弹幕护体弹幕护体弹幕护体弹幕护体弹幕护体啊啊啊啊啊啊啊啊啊啊啊啊啊啊啊啊啊啊啊啊啊啊啊啊啊啊啊啊啊啊,3,nan
弹幕护体弹幕护体弹幕护体弹幕护体弹幕护体弹幕护体弹幕护体弹幕护体弹幕护体弹幕护体弹幕护体弹幕护体弹幕护体弹幕护体弹幕护体弹幕护体弹幕护体啊啊啊啊啊啊啊啊啊啊啊啊啊啊啊啊啊啊啊啊啊啊啊啊啊啊啊啊啊啊,3,nan
弹幕护体弹幕护体弹幕护体弹幕护体弹幕护体弹幕护体弹幕护体弹幕护体弹幕护体弹幕护体弹幕护体弹幕护体弹幕护体弹幕护体弹幕护体弹幕护体弹幕护体啊啊啊啊啊啊啊啊啊啊啊啊啊啊啊啊啊啊啊啊啊啊啊啊啊啊啊啊啊啊,3,nan
弹幕护体弹幕护体弹幕护体弹幕护体弹幕护体弹幕护体弹幕护体弹幕护体弹幕护体弹幕护体弹幕护体弹幕护体弹幕护体弹幕护体弹幕护体弹幕护体弹幕护体啊啊啊啊啊啊啊啊啊啊啊啊啊啊啊啊啊啊啊啊啊弹幕护体弹幕护体育才能,3,nan
该配合你演出的我演技在线～～～,4,nan
弹幕护体弹幕护体弹幕护体弹幕护体弹幕护体弹幕护体弹幕护体弹幕护体弹幕护体弹幕护体弹幕护体弹幕护体弹幕护体弹幕护体弹幕护体弹幕护体弹幕护体弹幕护体,3,nan
该驱魔了米米,4,nan
改革春风吹满地,4,nan
非常喜欢,0,nan
盖盖有惊喜,4,nan
弹幕护体弹幕护体弹幕护体弹幕护体弹幕护体弹幕护体弹幕护体弹幕护体弹幕护体弹幕护体弹幕护体弹幕护体弹幕护体弹幕护体弹幕护体弹幕护体弹幕护体弹幕护体,3,nan
弹幕护体弹幕护体弹幕护体弹幕护体弹幕护体弹幕护体弹幕护体弹幕护体弹幕护体弹幕护体弹幕护体弹幕护体弹幕护体弹幕护体弹幕护体弹幕护体弹幕护体弹幕护体弹幕护体,3,nan
弹幕护体弹幕护体弹幕护体弹幕护体弹幕护体弹幕护体弹幕护体弹幕护体弹幕护体弹幕护体弹幕护体弹幕护体弹幕护体弹幕护体弹幕护体弹幕护体弹幕护体弹幕护体弹幕护体弹幕护体,3,nan
弹幕护体弹幕护体弹幕护体弹幕护体弹幕护体弹幕护体弹幕护体弹幕护体弹幕护体弹幕护体弹幕护体弹幕护体弹幕护体弹幕护体弹幕护体弹幕护体弹幕护体弹幕护体弹幕护体弹幕护体,3,nan
弹幕护体弹幕护体弹幕护体弹幕护体弹幕护体弹幕护体弹幕护体弹幕护体弹幕护体弹幕护体弹幕护体弹幕护体弹幕护体弹幕护体弹幕护体弹幕护体弹幕护体弹幕护体弹幕护体弹幕护体弹幕护,3,nan
弹幕弹幕你快来，我好怕呀。,1,nan
弹幕弹幕在哪,1,nan
盖世神护体,4,nan
概念,4,nan
弹幕都去哪儿了？,1,nan
赶脚up主声音好听,4,nan
赶紧存档阿,4,nan
赶紧存个档,4,nan
赶紧更新,4,nan
弹幕都去哪了,1,nan
弹幕多来点啊,1,nan
弹幕护体弹幕护体弹幕护体弹幕护体弹幕护体弹幕护体弹幕护体弹幕护体弹幕护体弹幕护体弹幕护体弹幕护体弹幕护体弹幕护体弹幕护体弹幕护体弹幕护体弹幕护体弹幕护体弹幕护体弹幕护体,3,nan
赶紧弄点吃的,4,nan
赶紧烧点神器,4,nan
赶紧寻找亲爹屋,4,nan
赶快存档,4,nan
弹幕护体弹幕护体弹幕护体弹幕护体弹幕护体弹幕护体弹幕护体弹幕护体弹幕护体弹幕护体弹幕护体弹幕护体弹幕护体弹幕护体弹幕护体弹幕护体弹幕护体弹幕护体弹幕护体弹幕护体弹幕护体啊啊啊啊啊啊啊啊啊啊啊啊啊啊啊,3,nan
赶快使用护身符。,4,nan
赶下高能君,4,nan
敢,4,nan
敢睡。助眠视频。,4,nan
弹幕护体弹幕护体弹幕护体弹幕护体弹幕护体弹幕护体弹幕护体弹幕护体弹幕护体弹幕护体弹幕护体弹幕护体弹幕护体弹幕护体弹幕护体弹幕护体弹幕护体弹幕护体弹幕护体弹幕护体弹幕护体弹幕护体,3,nan
弹幕赶紧弄起来。,4,nan
弹幕搞hs？,4,nan
弹幕过少,4,nan
感jio有高能,4,nan
弹幕还在,4,nan
弹幕好薄QAQ,1,nan
弹幕好薄啊,1,nan
感juo白米要哭出来了（?д?`）,4,nan
感动,4,nan
弹幕护体弹幕护体弹幕护体弹幕护体弹幕护体弹幕护体弹幕护体弹幕护体弹幕护体弹幕护体弹幕护体弹幕护体弹幕护体弹幕护体弹幕护体弹幕护体弹幕护体弹幕护体弹幕护体弹幕护体弹幕护体弹幕护体弹幕护体,3,nan
感动，乖乖静坐的瓶子终于被翻牌了,4,nan
感动死了要大结局,4,nan
弹幕好薄啊,1,nan
感脚前面那个是up主混入,4,nan
感觉。。。。。米米很受受,4,nan
弹幕护体弹幕护体弹幕护体弹幕护体弹幕护体弹幕护体弹幕护体弹幕护体弹幕护体弹幕护体弹幕护体弹幕护体弹幕护体弹幕护体弹幕护体弹幕护体弹幕护体弹幕护体弹幕护体弹幕护体弹幕护体弹幕护体弹幕护体弹幕护体,3,nan
弹幕护体弹幕护体弹幕护体弹幕护体弹幕护体弹幕护体弹幕护体弹幕护体弹幕护体弹幕护体弹幕护体弹幕护体弹幕护体弹幕护体弹幕护体弹幕护体弹幕护体弹幕护体弹幕护体弹幕护体弹幕护体弹幕护体弹幕护体弹幕护体,3,nan
弹幕好多,1,nan
弹幕好少,1,nan
弹幕护体弹幕护体弹幕护体弹幕护体弹幕护体弹幕护体弹幕护体弹幕护体弹幕护体弹幕护体弹幕护体弹幕护体弹幕护体弹幕护体弹幕护体弹幕护体弹幕护体弹幕护体弹幕护体弹幕护体弹幕护体弹幕护体弹幕护体弹幕护体,3,nan
感觉uo承包了我的笑点,4,nan
感觉up玩过一遍了，这数字找的太准了，之前在厕所没开手电都知道数字在哪,4,nan
弹幕护体弹幕护体弹幕护体弹幕护体弹幕护体弹幕护体弹幕护体弹幕护体弹幕护体弹幕护体弹幕护体弹幕护体弹幕护体弹幕护体弹幕护体弹幕护体弹幕护体弹幕护体弹幕护体弹幕护体弹幕护体弹幕护体弹幕护体弹幕护体,3,nan
弹幕护体弹幕护体弹幕护体弹幕护体弹幕护体弹幕护体弹幕护体弹幕护体弹幕护体弹幕护体弹幕护体弹幕护体弹幕护体弹幕护体弹幕护体弹幕护体弹幕护体弹幕护体弹幕护体弹幕护体弹幕护体弹幕护体弹幕护体弹幕护体,3,nan
弹幕护体弹幕护体弹幕护体弹幕护体弹幕护体弹幕护体弹幕护体弹幕护体弹幕护体弹幕护体弹幕护体弹幕护体弹幕护体弹幕护体弹幕护体弹幕护体弹幕护体弹幕护体弹幕护体弹幕护体弹幕护体弹幕护体弹幕护体弹幕护体,3,nan
感觉up主不害怕，反而大胆的回去看一眼。,4,nan
反正就是n次,4,nan
弹幕好少,1,nan
弹幕好少,1,nan
弹幕护体弹幕护体弹幕护体弹幕护体弹幕护体弹幕护体弹幕护体弹幕护体弹幕护体弹幕护体弹幕护体弹幕护体弹幕护体弹幕护体弹幕护体弹幕护体弹幕护体弹幕护体弹幕护体弹幕护体弹幕护体弹幕护体弹幕护体弹幕护体,3,nan
反正我还活着,4,nan
反正我也帮不上什么忙2333333,4,nan
弹幕护体弹幕护体弹幕护体弹幕护体弹幕护体弹幕护体弹幕护体弹幕护体弹幕护体弹幕护体弹幕护体弹幕护体弹幕护体弹幕护体弹幕护体弹幕护体弹幕护体弹幕护体弹幕护体弹幕护体弹幕护体弹幕护体弹幕护体弹幕护体弹幕,3,nan
弹幕护体弹幕护体弹幕护体弹幕护体弹幕护体弹幕护体弹幕护体弹幕护体弹幕护体弹幕护体弹幕护体弹幕护体弹幕护体弹幕护体弹幕护体弹幕护体弹幕护体弹幕护体弹幕护体弹幕护体弹幕护体弹幕护体弹幕护体弹幕护体弹幕护体,3,nan
弹幕护体弹幕护体弹幕护体弹幕护体弹幕护体弹幕护体弹幕护体弹幕护体弹幕护体弹幕护体弹幕护体弹幕护体弹幕护体弹幕护体弹幕护体弹幕护体弹幕护体弹幕护体弹幕护体弹幕护体弹幕护体弹幕护体弹幕护体弹幕护体弹幕护体,3,nan
感觉白米越来越刚了，是怎回事？,4,nan
弹幕好少,1,nan
感觉高能要来了,4,nan
感觉高能要来了,4,nan
感觉更像一个小孩子,4,nan
感觉好像大战BOSS前把之前的剧情都过一遍,4,nan
弹幕护体弹幕护体弹幕护体弹幕护体弹幕护体弹幕护体弹幕护体弹幕护体弹幕护体弹幕护体弹幕护体弹幕护体弹幕护体弹幕护体弹幕护体弹幕护体弹幕护体弹幕护体弹幕护体弹幕护体弹幕护体弹幕护体弹幕护体弹幕护体弹幕护体,3,nan
感觉和修道院的一个场景差不多,4,nan
弹幕好少啊,1,nan
感觉很圆润,4,nan
弹幕好少啊啊,1,nan
感觉很重要,4,nan
反正也跑不了 静静等待,4,nan
弹幕好像变少了,1,nan
感觉会动,4,nan
弹幕好小？为什么不调大点呢,1,nan
弹幕好小啊,1,nan
弹幕护体弹幕护体弹幕护体弹幕护体弹幕护体弹幕护体弹幕护体弹幕护体弹幕护体弹幕护体弹幕护体弹幕护体弹幕护体弹幕护体弹幕护体弹幕护体弹幕护体弹幕护体弹幕护体弹幕护体弹幕护体弹幕护体弹幕护体弹幕护体弹幕护体,3,nan
弹幕护体弹幕护体弹幕护体弹幕护体弹幕护体弹幕护体弹幕护体弹幕护体弹幕护体弹幕护体弹幕护体弹幕护体弹幕护体弹幕护体弹幕护体弹幕护体弹幕护体弹幕护体弹幕护体弹幕护体弹幕护体弹幕护体弹幕护体弹幕护体弹幕护体,3,nan
弹幕护体弹幕护体弹幕护体弹幕护体弹幕护体弹幕护体弹幕护体弹幕护体弹幕护体弹幕护体弹幕护体弹幕护体弹幕护体弹幕护体弹幕护体弹幕护体弹幕护体弹幕护体弹幕护体弹幕护体弹幕护体弹幕护体弹幕护体弹幕护体弹幕护体,3,nan
感觉会动,4,nan
弹幕护体弹幕护体弹幕护体弹幕护体弹幕护体弹幕护体弹幕护体弹幕护体弹幕护体弹幕护体弹幕护体弹幕护体弹幕护体弹幕护体弹幕护体弹幕护体弹幕护体弹幕护体弹幕护体弹幕护体弹幕护体弹幕护体弹幕护体弹幕护体弹幕护体,3,nan
感觉会高能,4,nan
感觉看白米解说很下饭,4,nan
弹幕护体弹幕护体弹幕护体弹幕护体弹幕护体弹幕护体弹幕护体弹幕护体弹幕护体弹幕护体弹幕护体弹幕护体弹幕护体弹幕护体弹幕护体弹幕护体弹幕护体弹幕护体弹幕护体弹幕护体弹幕护体弹幕护体弹幕护体弹幕护体弹幕护体,3,nan
感觉看完她的视频，我能被吓死,4,nan
弹幕护体弹幕护体弹幕护体弹幕护体弹幕护体弹幕护体弹幕护体弹幕护体弹幕护体弹幕护体弹幕护体弹幕护体弹幕护体弹幕护体弹幕护体弹幕护体弹幕护体弹幕护体弹幕护体弹幕护体弹幕护体弹幕护体弹幕护体弹幕护体弹幕护体,3,nan
弹幕护体弹幕护体弹幕护体弹幕护体弹幕护体弹幕护体弹幕护体弹幕护体弹幕护体弹幕护体弹幕护体弹幕护体弹幕护体弹幕护体弹幕护体弹幕护体弹幕护体弹幕护体弹幕护体弹幕护体弹幕护体弹幕护体弹幕护体弹幕护体弹幕护体,3,nan
弹幕护体弹幕护体弹幕护体弹幕护体弹幕护体弹幕护体弹幕护体弹幕护体弹幕护体弹幕护体弹幕护体弹幕护体弹幕护体弹幕护体弹幕护体弹幕护体弹幕护体弹幕护体弹幕护体弹幕护体弹幕护体弹幕护体弹幕护体弹幕护体弹幕护体,3,nan
弹幕护体弹幕护体弹幕护体弹幕护体弹幕护体弹幕护体弹幕护体弹幕护体弹幕护体弹幕护体弹幕护体弹幕护体弹幕护体弹幕护体弹幕护体弹幕护体弹幕护体弹幕护体弹幕护体弹幕护体弹幕护体弹幕护体弹幕护体弹幕护体弹幕护体,3,nan
弹幕护体弹幕护体弹幕护体弹幕护体弹幕护体弹幕护体弹幕护体弹幕护体弹幕护体弹幕护体弹幕护体弹幕护体弹幕护体弹幕护体弹幕护体弹幕护体弹幕护体弹幕护体弹幕护体弹幕护体弹幕护体弹幕护体弹幕护体弹幕护体弹幕护体,3,nan
弹幕护体弹幕护体弹幕护体弹幕护体弹幕护体弹幕护体弹幕护体弹幕护体弹幕护体弹幕护体弹幕护体弹幕护体弹幕护体弹幕护体弹幕护体弹幕护体弹幕护体弹幕护体弹幕护体弹幕护体弹幕护体弹幕护体弹幕护体弹幕护体弹幕护体,3,nan
弹幕护体弹幕护体弹幕护体弹幕护体弹幕护体弹幕护体弹幕护体弹幕护体弹幕护体弹幕护体弹幕护体弹幕护体弹幕护体弹幕护体弹幕护体弹幕护体弹幕护体弹幕护体弹幕护体弹幕护体弹幕护体弹幕护体弹幕护体弹幕护体弹幕护体,3,nan
感觉口技好像很不错的样子。。。挺熟练的,4,nan
感觉每个房间都一样…,4,nan
感觉米米逻辑贼好,4,nan
弹幕护体弹幕护体弹幕护体弹幕护体弹幕护体弹幕护体弹幕护体弹幕护体弹幕护体弹幕护体弹幕护体弹幕护体弹幕护体弹幕护体弹幕护体护眼护眼护眼护眼护眼护眼护眼护眼护眼护眼护眼护眼啊啊啊啊啊啊啊啊啊啊啊啊啊啊啊,3,nan
感觉拼好后会动,4,nan
弹幕护体弹幕护体弹幕护体弹幕护体弹幕护体弹幕护体弹幕护体弹幕护体弹幕护体弹幕护体黄字君为大家保驾护航啊啊啊啊啊啊啊啊啊啊啊啊啊啊啊啊啊啊啊啊啊啊啊啊啊啊啊啊啊啊啊啊啊啊啊啊啊啊啊啊啊啊啊啊啊啊啊啊啊啊,3,nan
弹幕护体弹幕护体弹幕护体弹幕护体弹幕护体弹幕护体弹幕护体美的话题,3,nan
弹幕护体弹幕护体弹幕护体弹幕护体护体护体弹幕护体护体护体弹幕护体护体护体弹幕护体,3,nan
弹幕护体弹幕护体弹幕护体弹幕护体护体呀。,3,nan
弹幕护体弹幕护体弹幕护体哈哈哈哈哈哈,3,nan
感觉其他地方都一个样,4,nan
弹幕护体弹幕护体弹幕护体哈哈哈哈哈哈哈哈哈哈哈哈哈哈哈哈哈哈哈,3,nan
弹幕护体弹幕护体幕护体弹幕护体弹幕护体,3,nan
弹幕护体护体。,3,nan
方向感不强就很难受,1,nan
弹幕护体护体弹幕弹幕护体护体弹幕弹幕护体护体弹幕护体护体护体弹幕护体护体护体弹幕护体护体护体弹幕护体护体护体弹幕护体护体护体弹幕护体弹幕护体护体护体弹幕护体弹幕护体我,3,nan
感觉人偶这么给面子的转头，好像就差鼓掌了,4,nan
弹幕护体护体护体弹幕护体护体弹幕护体护体护体弹幕护体护体护体弹幕护体护体护体弹幕护体护体护体弹幕护体,3,nan
弹幕护体护体护体护体,3,nan
弹幕护体护体护体护体护体护体,3,nan
感觉蛇夫座是关键,4,nan
弹幕护体护体护体护体护体护体,3,nan
弹幕护体护体护体护体护体护体护体护体,3,nan
感觉是阿威画质,4,nan
感觉是另一个神器,4,nan
弹幕护体护体护体护体护体护体护体护体护体护体护体护体护体护体护体护体护体护体护体护体护体护体护体护体护体护体护体护体护体,3,nan
弹幕护体护体乳液压力量了饿死我了个的时候回来约好吧，殉情,3,nan
感觉先存个档会好一些哟,4,nan
感觉像c君,4,nan
弹幕护体呢,3,nan
弹幕护体呢,3,nan
感觉小哥哥回来,4,nan
感觉小哥哥就一直在身后...,4,nan
感觉小姐捷要来了,4,nan
感觉小姐睫要来了,4,nan
感觉小姐姐出现的频率变高了。,4,nan
感觉小姐姐快来了,4,nan
感觉小姐姐来了,4,nan
弹幕护体天下无敌！,3,nan
感觉小姐姐来了,4,nan
房间好像快要被破坏了……,4,nan
感觉小姐姐要来了,4,nan
弹幕护体系统启动???????????????????????????????????????????????????????????????????????,3,nan
弹幕护体系统启动???????????????????????????????????????????????????????????????????????,3,nan
感觉小姐姐一路火花带闪电好炫酷,4,nan
感觉要有高能,4,nan
非常喜欢啊,0,nan
粉丝见面会的笑死我了,0,nan
感觉有帮忙大家做好准备。,4,nan
感觉有点帅,4,nan
感觉有点帅？,4,nan
感觉有点像开头,4,nan
弹幕护体系统启动???????????????????????????????????????????????????????????????????????,3,nan
弹幕护体呀,3,nan
弹幕护体有没有？,3,nan
弹幕护眼,3,nan
弹幕护眼,3,nan
弹幕护眼,3,nan
弹幕护眼弹幕护眼弹幕护眼弹幕护眼弹幕护眼弹幕护眼弹幕护眼弹幕护眼弹幕护眼弹幕护眼弹幕护眼弹幕护眼弹幕护眼弹幕护眼弹幕护眼弹幕护眼弹幕护眼弹幕护眼,3,nan
弹幕救我,1,nan
弹幕救我啊,1,nan
弹幕呢，我害怕,1,nan
弹幕呢。我怕，你们快出来,1,nan
仿佛身陷英语听力考试？？？,4,nan
感觉有高能,4,nan
弹幕呢老子要被吓死了,3,nan
放回去？Σ(っ °Д °;)っ,4,nan
弹幕有点少啊可怕,1,nan
弹幕在哪   我怕,1,nan
感觉有高能,4,nan
感觉有高能君,4,nan
弹幕怎么那么少，害怕,1,nan
放着歌看就不怕了,1,nan
弹屏护体啊啊啊啊啊啊啊啊啊啊啊啊啊啊啊啊啊啊啊啊啊啊,3,nan
当百米好不容易跑回去的时候，火把灭了。2333333,4,nan
当初恐惧的最好方法就是面对恐惧,4,nan
当机立断,4,nan
当女鬼飞过来的时候，远离屏幕！！！,4,nan
挡住挡住,3,nan
挡住挡住挡住,3,nan
挡住挡住挡住挡住挡住挡住挡住挡住，,3,nan
感觉有小高能第三次拉闸,4,nan
挡住挡住挡住挡住挡住挡住挡住挡住啊啊啊,3,nan
挡住挡住挡住挡住挡住挡住挡住挡住挡住挡住挡住挡住挡住挡住挡住挡住挡住挡住挡住挡住、,3,nan
挡住挡住挡住挡住挡住挡住挡住挡住挡住挡住挡住挡住挡住挡住挡住挡住挡住挡住挡住挡住挡住挡住挡住挡住挡住挡住挡住挡住挡住.,3,nan
倒回来看＋1( ????? ),4,nan
感觉制作组做这个游戏不为赚钱，真良心,4,nan
到处都有这个红色的东西，之前的桌子抽屉柜子上都看见了这个，可能是什么符咒？,4,nan
到处都有这个女人呢，这里的镜子，之前的纸条，画像（说不定也是镜子）,4,nan
感受到了淨化,4,nan
到底多少个娃娃啊,4,nan
到底哪里恐怖了我就想问一下。,4,nan
到了前面那个门撞不开回头的时候有高能,4,nan
到我们处女座了啊啊啊,4,nan
非常心疼发攻略的人,1,nan
到现在鬼长什么样子都没看清,4,nan
感受到这个游戏对路痴深深地恶意,4,nan
到现在也没搞清楚这个游戏怪是咋抓人的,4,nan
夫人的妻子哈哈哈哈哈哈哈,0,nan
服了，真的菜哈哈哈哈哈哈哈哈,0,nan
非战斗人员快速撤离！！！,4,nan
嘎？？！！哈哈哈哈哈哈哈哈哈哈哈哈,0,nan
非战斗人员请迅速撤离,4,nan
肥宅快乐水突然不香了,1,nan
道友在呢,4,nan
稻草人？！,4,nan
改名回家对白米米的诱惑啊哈哈哈哈哈哈哈哈,0,nan
的白米吓成地中海白米,4,nan
感觉一直在等高能哈哈哈哈哈哈哈哈哈哈哈哈哈哈哈哈哈哈哈哈哈哈哈哈哈哈哈哈哈哈哈哈哈哈哈哈哈哈哈哈哈哈哈,0,nan
"等等这不是我狮子吗?""(?Д?*)",4,nan
感觉已经是你家了哈哈哈哈,0,nan
等会黑寡妇会突然出现,4,nan
感觉这里白米的声音已经逐渐沧桑了哈哈哈,0,nan
感谢,0,nan
感谢,0,nan
等会预计高能,4,nan
等他转身，会吓到，胆小的小姐姐请闭眼,4,nan
迪伽奥特曼救我,4,nan
粉色高能军阵亡,4,nan
迪迦（声嘶力竭）,4,nan
迪迦（声嘶力竭）,4,nan
感谢弹幕大军,0,nan
感谢弹幕大军救我命,0,nan
底下有米米说话的字幕就可以把声音关掉了,4,nan
底下有箱子,4,nan
风大雨大太阳大,4,nan
地窖那里,4,nan
地上蜡烛不是有火吗,4,nan
风声雨声读书时，声声入耳,4,nan
地上有电池！,4,nan
地图好大啊,4,nan
感谢弹幕护体,0,nan
地图在一楼,4,nan
地下城噩梦,4,nan
地下城噩梦,4,nan
感谢弹幕护体,0,nan
感谢弹幕君了啊啊啊,0,nan
地下室？？？？？,4,nan
地下室好像会有高能,4,nan
地下室最可怕了,4,nan
地下有高能请注意回避,4,nan
风声雨声读书时，声声入耳( ????? ),4,nan
感谢感谢,0,nan
感谢感谢！！！！,0,nan
感谢刚刚的兄弟的弹幕护体,0,nan
感谢高潮,0,nan
感谢高潮君,0,nan
感谢高能,0,nan
感谢高能,0,nan
感谢高能军！！,0,nan
地震啦 快跑,4,nan
风声雨声米叫声，声声入耳,4,nan
感谢高能君,0,nan
地震了,4,nan
感谢高能君,0,nan
第1个百米觉得他是灯。结果那个神器飞了。鬼就来抓白米了。,4,nan
第八集的开头,4,nan
第三次会有鬼哦~,4,nan
第五个神器？？？,4,nan
风太大了我听不清楚,4,nan
第五集来了。,4,nan
第五件神器是什么,4,nan
风太大了我听不清楚,4,nan
第五件神器是什么,4,nan
感谢高能君,0,nan
感谢高能君,0,nan
第一遍被吓到，第二遍看剧情，第三遍享受白米惨叫,4,nan
第一遍被吓第二遍，面无表情地三遍呵呵呵,4,nan
第一次被吓，还是被米米吓着的,3,nan
疯了,4,nan
第一次被吓到,3,nan
第一次被吓到,3,nan
第一次被吓到颤抖我的天qwq,3,nan
浮生浮,4,nan
感谢高能君,0,nan
感谢高能君,0,nan
第一次被嚇到是被白米嚇到(,3,nan
感谢高能君,0,nan
第一次看清小姐姐的脸,4,nan
第一次吓到,3,nan
浮生浮,4,nan
第一次吓到我…………,3,nan
符咒不亮了,4,nan
感谢高能君,0,nan
符咒没亮?,4,nan
符咒没有亮,4,nan
感谢高能君,0,nan
感谢高能君,0,nan
第一次这么大的脸,4,nan
第一个你拿到过，，，,4,nan
感谢高能君,0,nan
感谢高能君,0,nan
第一个我知道,4,nan
电池啊啊啊宝,4,nan
感谢高能君,0,nan
电池啊喂,4,nan
电池池,4,nan
电池电量惊了,4,nan
电池警告,4,nan
感谢高能君,0,nan
感谢高能君,0,nan
复十一,4,nan
尴尬,4,nan
感谢高能君,0,nan
感谢高能君,0,nan
感谢高能君,0,nan
感谢高能君,0,nan
电池满了,4,nan
感谢高能君,0,nan
感谢高能君,0,nan
电池满了捡不了啊大哥们,4,nan
电池是满了的吧,4,nan
电池呀,4,nan
感谢高能君,0,nan
尴尬·=·,4,nan
电老虎上线,4,nan
感谢高能君,0,nan
电脑都吓了一跳,4,nan
叮吓我一跳,4,nan
感谢高能君,0,nan
感谢高能君,0,nan
钉钉时代来考古,4,nan
东西来袭，注意拿远手机,4,nan
懂了？？？,4,nan
动起来你就怕了,4,nan
感谢高能君,0,nan
尴尬不,4,nan
都tm第五集了还有人问白米是男生还是女生，无语了,2,nan
感谢高能君,0,nan
感谢高能君,0,nan
都到这了竟然还没水平,4,nan
都会小姐睫突然出现,4,nan
感谢高能君,0,nan
都是徐晃！！！,4,nan
感谢高能君,0,nan
都语无伦次吓死了,4,nan
都自动变色了,4,nan
抖m,4,nan
抖腿,4,nan
感谢高能君,0,nan
感谢高能君,0,nan
独眼龙,4,nan
断定下集全集高能,4,nan
感谢高能君,0,nan
断了。。。那个也太刺激了哈哈,4,nan
感谢高能君,0,nan
对 我们发现了,4,nan
感谢高能君,0,nan
对!我也猜是这个电影但我那时候叫《潘多拉的迷宫》,4,nan
对，大不了18年后，你白米君又是颗大米粒,4,nan
对，主角影子总吓到我,4,nan
对啊，不会以为是男生吧,4,nan
感谢高能君,0,nan
对啊，这个地图这么大....,4,nan
感谢高能君,0,nan
对啊不能往下拿拿吗看着都烫,4,nan
感谢高能君,0,nan
对啊在楼上了a,4,nan
感谢高能君,0,nan
对角巷！？！？,4,nan
对面的给我看过来，信不信我又不揍死你？,2,nan
尴尬的,4,nan
赶紧把酸奶放桌上 怕扔出去,4,nan
感谢高能君,0,nan
感谢高能君,0,nan
感谢高能君,0,nan
感谢高能君,0,nan
感谢高能君,0,nan
对小姐姐的恐惧,3,nan
感谢高能君,0,nan
感谢高能君,0,nan
感谢高能君,0,nan
蹲下了,4,nan
多大人了,4,nan
感谢高能君,0,nan
感谢高能君！！,0,nan
赶紧存档吧,4,nan
哆嗦了一下,4,nan
感谢高能君！！！,0,nan
感谢高能君！！！！！！！,0,nan
感谢高能君(?_?),0,nan
躲在洛洛怀里看,4,nan
感谢高能君（才反应过来）,0,nan
感谢高能君，嘤嘤嘤,0,nan
堕落天使原画？？,4,nan
感谢高能君。,0,nan
鹅？？？？？,4,nan
鹅鹅鹅，好害怕呀！,1,nan
感谢高能君。,0,nan
感谢高能君。,0,nan
额，潘神，下半身是羊,4,nan
感谢高能君。。,0,nan
额……以为不会再听到白米尖叫了，白米胆量成长好多呢,4,nan
感谢高能君。到现在为止除了因白米的尖叫声吓到一次就没有被吓到过了,0,nan
感谢高能君。捂屏幕。。。。。,0,nan
呃,4,nan
感谢高能君啊,0,nan
感谢高能君啊啊啊,0,nan
感谢高能君和护眼小分队,0,nan
感谢高能君们,0,nan
呃。。没那么恐怖吧。。。,4,nan
呃被up吓了,3,nan
赶紧去安全屋,4,nan
呃呃，15,4,nan
感谢高能菌,0,nan
呃呃，好恐怖∏_∏,3,nan
感谢高能菌,0,nan
呃呃呃额额呃呃呃额额,3,nan
赶紧走啊,4,nan
恶灵退……换电池啊啊啊啊……！,3,nan
恶灵退电池,4,nan
感谢高能菌,0,nan
感谢高能菌,0,nan
恶灵退散,3,nan
感jio会掉下去,4,nan
感谢高能菌,0,nan
恶灵退散,3,nan
感谢高能菌,0,nan
感谢高能菌，大家观影愉快,0,nan
感谢高能菌～,0,nan
感谢高能菌～,0,nan
感谢高能菌们～嘤嘤嘤,0,nan
感谢高能小哥！,0,nan
感谢高能小哥哥,0,nan
感谢胡音小分队。,0,nan
感谢护脸小分队。。。,0,nan
感谢护眼,0,nan
感谢护眼高能,0,nan
感谢护眼君？？！！,0,nan
恶灵退散,3,nan
恶灵退散,3,nan
恶灵退散,3,nan
恶灵退散,3,nan
感谢护眼小分队,0,nan
恶灵退散,3,nan
恶灵退散,3,nan
恶灵退散,3,nan
恶灵退散,3,nan
感谢黄蓝高能君的陪伴,0,nan
感谢黄色高能君,0,nan
恶灵退散,3,nan
感谢黄色高能君,0,nan
感应灯 哈哈哈哈,4,nan
干得漂亮,4,nan
恶灵退散,3,nan
干的漂亮,4,nan
干的漂亮,4,nan
干活哈哈,4,nan
干就完了兄弟们,4,nan
恶灵退散,3,nan
恶灵退散,3,nan
淦,4,nan
恶灵退散,3,nan
恶灵退散,3,nan
感jio药丸,4,nan
淦,4,nan
淦,4,nan
恶灵退散,3,nan
淦,4,nan
恶灵退散,3,nan
淦,4,nan
恶灵退散,3,nan
恶灵退散,3,nan
恶灵退散！,3,nan
恶灵退散！,3,nan
恶灵退散！,3,nan
恶灵退散！,3,nan
淦,4,nan
恶灵退散！,3,nan
恶灵退散！,3,nan
淦,4,nan
恶灵退散！,3,nan
恶灵退散！,3,nan
恶灵退散！,3,nan
淦作业淦作业～,4,nan
恶灵退散！！！,3,nan
感谢每一个高能部门,0,nan
恶灵退散！！！,3,nan
刚吃完泡面，嗝，好饱,4,nan
刚低头看一眼就迎上这张大脸。。。,4,nan
恶灵退散！！！,3,nan
刚刚吃完干脆面,4,nan
恶灵退散！！！,3,nan
恶灵退散！！！,3,nan
刚刚穿模了,4,nan
恶灵退散!!!!,3,nan
感jio药丸,4,nan
恶灵退散！！！......我怎么按了个换电池！！！！！,4,nan
恶灵退散！！！吹爆,4,nan
刚刚的可以捡,4,nan
刚刚公子音赞啊,4,nan
刚刚好帅,4,nan
恶灵退散！！啊woc。攻气满满。,4,nan
刚刚叫的好好听,4,nan
恶灵退散！(?￣▽￣)?,4,nan
恶灵退散！╮(‵▽′)╭,4,nan
感谢默默付出的高能君,0,nan
恶灵退散，啊啊啊,3,nan
感jio药丸,4,nan
感觉up有点傻傻的。。。,4,nan
恶灵退散啊，捉鸡,3,nan
刚刚帅的一匹,4,nan
刚刚有眼睛那样的亮光,4,nan
刚开始的魔法灯,4,nan
感觉被挂着的,4,nan
刚看一个视频就爱了 ,4,nan
刚正面,4,nan
高  高能君,4,nan
恶灵退散恶灵退散恶灵退散,3,nan
感觉不好的事情啊啊啊,4,nan
感觉电池消耗变慢了,4,nan
恶灵退散恶灵退散恶灵退散恶灵退散恶灵退散恶灵退散,3,nan
高蛋白美滋滋！,4,nan
恶灵退散恶灵退散恶灵退散恶灵退散恶灵退散恶灵退散恶灵退散恶灵退散恶灵退散,3,nan
高德地图持续为您导航,4,nan
高德地图持续为您导航~,4,nan
高调承包高能君,4,nan
高高,4,nan
高高高,4,nan
高高高……高能君！,4,nan
高级弹幕好有趣hhhhc我不配了,4,nan
恶灵退散恶灵退散恶灵退散恶灵退散恶灵退散恶灵退散恶灵退散恶灵退散恶灵退散恶灵退散恶灵退散恶灵退散恶灵退散恶灵退散恶灵退散,3,nan
恶灵退散恶灵退散恶灵退散恶灵退散恶灵退散恶灵退散恶灵退散恶灵退散恶灵退散恶灵退散恶灵退散恶灵退散恶灵退散恶灵退散恶灵退散恶灵退散恶灵退散恶灵退散恶灵退散恶灵退散恶灵退散恶灵退散恶灵退散恶灵退散恶灵退散,3,nan
高举天秤大旗,4,nan
高了,4,nan
高能,4,nan
高能,4,nan
噩梦开始,4,nan
高能,4,nan
高能,4,nan
高能,4,nan
诶，第七集的开头为什么和第八集的结尾不一样呢,4,nan
感觉好烫手,4,nan
高能,4,nan
高能,4,nan
高能,4,nan
诶，第七集的开头为什么和第八集的结尾不一样呢,4,nan
诶，我变色了,4,nan
诶，我还以为有高能,4,nan
诶，我怎么被这个小洋娃娃？,4,nan
高能,4,nan
诶，我怎么给这个小娃娃？？,4,nan
诶。。。。。。。。。。。。。。。,4,nan
高能,4,nan
感觉好像放假走出校园那种感觉,4,nan
高能,4,nan
感觉好像麦克风着火了,4,nan
诶？我怎么变成了这个颜色,4,nan
诶~还没跳呢~,4,nan
高能,4,nan
感觉和层层恐惧相似,4,nan
诶诶诶诶诶诶诶诶,4,nan
高能,4,nan
高能,4,nan
高能,4,nan
高能,4,nan
高能,4,nan
感觉会掉下去,4,nan
感觉米米快被游戏折磨疯了,4,nan
高能,4,nan
高能,4,nan
诶诶诶没有狮子吗,4,nan
高能,4,nan
诶好像开局那个地方,4,nan
高能,4,nan
高能,4,nan
高能,4,nan
高能,4,nan
诶护身符回来了诶！,4,nan
高能,4,nan
高能,4,nan
诶我现在感觉白米又像男生了,4,nan
感觉米米要哭了,4,nan
高能,4,nan
感觉男主已经疯了,4,nan
高能,4,nan
诶我也是，虽然快考试了但是我还是感觉好好看,4,nan
诶亚窝草，吓死我了,4,nan
诶咱们有存档~咱们不怕！,4,nan
诶这是第一个啊，上一个视频直接是第二个？不按顺序发嘛2333,4,nan
诶真香,4,nan
高能,4,nan
嗯，不记得,4,nan
嗯，的确可能是一晚上发生的,4,nan
嗯，我信了→_→,4,nan
嗯，吓死我了。,3,nan
嗯？,4,nan
嗯？,4,nan
高能,4,nan
嗯？,4,nan
嗯？,4,nan
高能,4,nan
高能,4,nan
高能,4,nan
高能,4,nan
高能,4,nan
高能,4,nan
高能,4,nan
嗯？！,4,nan
高能,4,nan
高能,4,nan
高能,4,nan
高能,4,nan
嗯？！,4,nan
嗯？？,4,nan
嗯？？？？？？？,4,nan
嗯？？小姐姐诶,4,nan
嗯？后一秒不太行了,4,nan
嗯我能换颜色了？？,4,nan
而是因为你非常害怕,1,nan
高能,4,nan
高能,4,nan
高能,4,nan
而是因为你害怕,1,nan
高能,4,nan
高能,4,nan
高能,4,nan
高能,4,nan
感觉你会死,4,nan
高能,4,nan
高能,4,nan
耳朵怀孕了,4,nan
高能,4,nan
感觉你已经没有那么害怕了,4,nan
高能,4,nan
耳朵炸了,1,nan
高能,4,nan
耳机表示。。。,4,nan
高能,4,nan
高能,4,nan
耳机党吓到去世,3,nan
高能,4,nan
高能,4,nan
耳机党原地爆炸,3,nan
高能,4,nan
高能,4,nan
高能,4,nan
高能,4,nan
耳机党原地爆炸,3,nan
耳机党原地爆炸了啊,3,nan
耳机党吱个声儿。,4,nan
二楼有一个神秘力量限制了我的力量，让我只能在一楼跑。,4,nan
二刷~我又来了！,4,nan
感觉前方。。。。。,4,nan
二刷的我还是被吓,4,nan
感觉手电筒耗电变慢了，可能是我的错觉吧,4,nan
二刷蓝字记得前方貌似是羊角哥,4,nan
高能,4,nan
高能,4,nan
高能,4,nan
发个弹幕压压惊,3,nan
高能,4,nan
高能,4,nan
高能,4,nan
高能,4,nan
高能,4,nan
高能,4,nan
发个弹幕压压惊,3,nan
高能,4,nan
高能,4,nan
发个弹幕压压惊,3,nan
高能,4,nan
高能,4,nan
高能,4,nan
发个弹幕压压惊,3,nan
高能,4,nan
感觉完结后会发现所有地方都是通的,4,nan
发个弹幕压压惊,3,nan
发个弹幕压压惊,3,nan
发个弹幕压压惊，呼～,3,nan
高能,4,nan
发个的弹幕压压惊,3,nan
感谢那个4月22日陪我看的哪位朋友,0,nan
发条弹幕压压惊,3,nan
高能,4,nan
发条弹幕压压惊,3,nan
发条弹幕压压惊Σ(っ °Д °;)っ,3,nan
高能,4,nan
高能,4,nan
高能,4,nan
高能,4,nan
发条弹幕压压惊Σ(っ °Д °;)っ,3,nan
高能,4,nan
高能,4,nan
高能,4,nan
高能,4,nan
发条弹幕压压惊Σ(っ °Д °;)っ,3,nan
高能,4,nan
高能,4,nan
高能,4,nan
感觉晚上会做噩梦困在这个房子里跑不出去。,4,nan
发条弹幕压压惊Σ(っ °Д °;)っ,3,nan
发现你的驱鬼能力仅次于林正英……,4,nan
高能,4,nan
发现一枚嘤嘤米,4,nan
高能,4,nan
法克，我竟没有北吓到！,4,nan
高能,4,nan
法克儿～,4,nan
高能,4,nan
高能,4,nan
高能,4,nan
高能,4,nan
高能,4,nan
高能,4,nan
高能,4,nan
翻了下攻略,4,nan
高能,4,nan
感觉我这辈子都不会弄清楚这个游戏的门和路了,4,nan
反正不知道为啥电脑桌面弹出来了一下,4,nan
高能,4,nan
方的一匹,4,nan
方的一匹,4,nan
防止害怕,4,nan
高能,4,nan
高能,4,nan
房子好大。。。。,4,nan
感觉像寂静岭里的护士小婕姐,4,nan
高能,4,nan
感觉要出大事,4,nan
高能,4,nan
高能,4,nan
高能,4,nan
感觉一会追逐战的时候这个车会堵住路,4,nan
高能,4,nan
高能,4,nan
高能,4,nan
高能,4,nan
高能,4,nan
仿佛看到玩恐怖游戏的我,4,nan
高能,4,nan
放个闪光弹进去,4,nan
放完之后高能预警,4,nan
高能,4,nan
高能,4,nan
高能,4,nan
高能,4,nan
高能,4,nan
高能,4,nan
放心，不恐怖,4,nan
放心，男主死不了,4,nan
放心食用的那个出来，我他喵被吓得快尿了,2,nan
飞了,4,nan
非常好奇蛇夫座,4,nan
高能,4,nan
高能,4,nan
高能,4,nan
感觉有事要发生,4,nan
飛了,4,nan
狒狒叫,4,nan
高能,4,nan
粉字的是抖S吗……,4,nan
高能,4,nan
高能,4,nan
疯狂卡关。,4,nan
夫人的妻子？,4,nan
高能,4,nan
高能,4,nan
夫人的妻子？,4,nan
夫人的妻子？,4,nan
夫人的妻子？！！（*/?＼*）,4,nan
高能,4,nan
夫人的妻子？23333,4,nan
扶她，两米的阁楼跳下去就死了,4,nan
盖亚!,4,nan
赶紧关灯啊大白米啊啊啊啊啊啊啊啊啊啊啊纸条的内容都有用啊啊啊啊啊啊啊啊啊啊,3,nan
赶紧护体啊啊啊啊啊啊啊啊啊啊啊啊,3,nan
感觉有种轮回的感觉,4,nan
高能,4,nan
高能,4,nan
高能,4,nan
高能,4,nan
赶紧看了下攻略,4,nan
敢睡吗,4,nan
高能,4,nan
高能,4,nan
敢问路在何方，路就在脚下,4,nan
敢信我刚学会变色吗？,4,nan
高能,4,nan
高能,4,nan
感光裸男,4,nan
高能,4,nan
高能,4,nan
感觉就挺突然的,4,nan
高能,4,nan
感觉米米吓的已经麻木了。,4,nan
感觉人偶都是人变的啊,4,nan
高能,4,nan
高能,4,nan
高能,4,nan
高能,4,nan
高能,4,nan
高能！,4,nan
感觉只有我自己 有人吗,4,nan
高能！,4,nan
感觉她不会来了,4,nan
感觉甜蜜之家没这个吓人,4,nan
高能！,4,nan
高能！,4,nan
感觉吓哭了,3,nan
感觉要被吓死了,3,nan
高能！,4,nan
高能！,4,nan
感觉影子超吓人,3,nan
高能！,4,nan
高能！！,4,nan
感觉有不好的事情发生啊啊啊啊啊,3,nan
感觉有点可怕,1,nan
感觉越来越怕了,1,nan
感觉这里真的超吓人前面都是面无表情的,3,nan
感受痛楚吧,4,nan
高能！！,4,nan
高能！！,4,nan
感觉这一幕似曾相识，，，,4,nan
淦！我也拿进了,4,nan
淦，明明知道还是被吓到了,3,nan
高能！！,4,nan
高能！！,4,nan
淦过去,4,nan
刚才不是看到了小雕像吗？,4,nan
感受痛楚吧,4,nan
高能！！！,4,nan
高能！！！,4,nan
高能！！！,4,nan
高能！！！,4,nan
刚才不是有人吗,4,nan
高能！！！,4,nan
高能！！！,4,nan
刚才灯罩着的时候就冒火花了,4,nan
高能！！！,4,nan
刚才发生了什么,4,nan
干杯就完事了,4,nan
高能！！！！,4,nan
高能！！！！！,4,nan
高能！！！！！！,4,nan
高能！！！！！！！！,4,nan
刚才。。。是不是。。。错过了。。。。一个。。。闸,4,nan
刚才11个人，现在只有4个了。。。,4,nan
高能！！！！！！！！！！！！,4,nan
刚才那个人偶是不是动力,4,nan
刚才那个声音是小哥鸽发出来的吗？,4,nan
刚才那个是不是护身符？那可是神器呀！,4,nan
刚才那个闸,4,nan
刚才那只娃娃好像说了句英文,4,nan
刚才是不是有谁跑过去……,4,nan
高能！！！！！！！！！！！！！,4,nan
刚才是不是有五只大黑耗子跑过去了,4,nan
高能！！！！！！！！！！！！！！！！！！！！！！,4,nan
高能！！！！！！！！！！！！！！！！！！！！！！！！！！！！！！！！！！！！！！！！！！！！！！！！！！！！！,4,nan
刚才shjw,4,nan
刚才是谁在叫,4,nan
刚才有一个可以打开的盒子里面有护身符，可惜米米不会打开盒子啊,4,nan
刚刚……打舌头了？妈呀……,4,nan
感谢前方高能提醒，成功降低音量,0,nan
高能！！黄字君开始施工！！,4,nan
刚刚白米你叫得可响了,4,nan
高能！弹幕护体,4,nan
高能！高能！,4,nan
高能（米米的嘴开过光）,4,nan
高能，高能,4,nan
高能，高能！！！,4,nan
刚刚被米米吓得在沙发上羊癫疯一般的抽搐……,3,nan
刚刚窗户外面有东西,4,nan
刚刚从洋娃娃那空降过来的,4,nan
刚刚的妹子好像我们班一个女生,4,nan
刚刚地上不是有电池吗,4,nan
刚才白米还在说，我可以驾驭这个游戏,4,nan
刚刚进去那里啊,4,nan
高能，护眼均准备,4,nan
刚刚就在后面啊。。我天。,4,nan
刚刚看到啥了？？？？,4,nan
刚刚考完试来看的前来报到,4,nan
刚刚可苏了,4,nan
刚刚蜡烛不是没点燃吗？,4,nan
刚刚那个不是天秤吧,4,nan
刚刚那个是罗伯特，上一波驱魔人，被羊角干掉了·,4,nan
高能，绝对是高能，一定是高能,4,nan
刚刚那里也太刺激了，头皮发麻,3,nan
高能，请拿好手机,4,nan
刚刚那一下真的吓到我了,3,nan
刚刚是开了加速！米米平时不用变声器的（米妹就……umm~）,4,nan
高能。。。,4,nan
高能。弹幕护体,4,nan
刚刚是啥子东西？我没看到诶。就看见某米被吓了一跳。懵逼！,3,nan
刚刚听见铁链的声音了,4,nan
刚刚我一声惨叫直接蹦起来…………枯了,3,nan
刚刚吓死一批，已经运走了,3,nan
高能～,4,nan
高能~,4,nan
刚刚一闪而过的电池……,4,nan
高能~~~,4,nan
高能~~~~~~~~~~~~~~~~~~~~~~~~~~~~~,4,nan
刚刚一瞬间,4,nan
高能⊙▽⊙,4,nan
刚刚因为小哥哥没走远,4,nan
刚才好多只,4,nan
高能…,4,nan
刚才那集为啥没人了,4,nan
刚刚音效都把我吓一跳,4,nan
刚才那里好多箱子,4,nan
高能a,4,nan
高能UP，在线尖叫,4,nan
高能啊,4,nan
高能啊,4,nan
刚刚有影子的。,4,nan
高能啊！！！,4,nan
高能啊啊啊,4,nan
刚刚桌子上的红色东西好像就是电池?,4,nan
刚好没看见,4,nan
刚晃的那一下我以为是鬼脸,4,nan
刚开始的地方？,4,nan
高能吧,4,nan
高能必有,4,nan
高能差不多了,4,nan
高能持续,4,nan
高能持续,4,nan
刚才突然头晕了一下，奇奇怪怪,4,nan
刚吃完饭,4,nan
刚吃完面,4,nan
高能持续中,4,nan
高能弹幕护体，谢谢！,4,nan
高能倒计时！,4,nan
高能地图为您导航,4,nan
高能高能,4,nan
刚开始的房间？？,4,nan
高能高能,4,nan
刚吃完一桶面，打算在吃个自热,4,nan
高能高能,4,nan
高能高能,4,nan
高能高能,4,nan
高能高能,4,nan
高能高能,4,nan
刚开始明明不是能进去吗 ,4,nan
刚去冰箱拿了个布丁……你们在干吗？,4,nan
刚说完不会尖叫了。。。哈哈哈,4,nan
高能，小姐姐破门而入！做好心理准备！,4,nan
高能高能,4,nan
高能？！,4,nan
高能？？？？？,4,nan
高能爆炸,4,nan
高能弹幕呢！惊了,4,nan
高能高能,4,nan
高能高能,4,nan
高能高能预警,4,nan
刚赤完饭所以内心毫无波澜,4,nan
高能还没到 别相信,4,nan
高能结束？,4,nan
高能高能,4,nan
高能警报！高能警报！！高能警报！！！,4,nan
刚刚的电池，，，,4,nan
高能高能,4,nan
高能高能,4,nan
高能警报！高能警报！！高能警报！！！,4,nan
高能高能,4,nan
高能警报！高能警报！！高能警报！！！,4,nan
高能高能,4,nan
高能高能,4,nan
高能警报！高能警报！！高能警报！！！,4,nan
高能高能,4,nan
高能高能,4,nan
高能高能,4,nan
高能高能,4,nan
高能警报！高能警报！！高能警报！！！,4,nan
高能警报！高能警报！！高能警报！！！,4,nan
高能警报！高能警报！！高能警报！！！,4,nan
高能警报！高能警报！！高能警报！！！,4,nan
高能警报！高能警报！！高能警报！！！,4,nan
高能高能,4,nan
高能警报！高能警报！！高能警报！！！,4,nan
高能警报！高能警报！！高能警报！！！,4,nan
高能高能,4,nan
高能高能,4,nan
高能高能,4,nan
高能高能,4,nan
高能高能,4,nan
高能高能,4,nan
高能高能,4,nan
高能高能,4,nan
高能高能,4,nan
高能高能,4,nan
高能高能,4,nan
高能高能,4,nan
高能高能,4,nan
高能高能,4,nan
高能高能,4,nan
高能高能,4,nan
高能高能,4,nan
高能高能,4,nan
高能高能,4,nan
高能高能！,4,nan
高能高能！！,4,nan
高能高能！！！！！！！！！！！！！前方高能啊啊啊啊啊啊啊啊啊啊啊暗暗啊啊啊！！！！！！！！！！！！,4,nan
高能高能！做好心理准备！,4,nan
高能高能高能,4,nan
高能高能高能,4,nan
高能高能高能,4,nan
高能高能高能,4,nan
高能高能高能,4,nan
高能高能高能！！,4,nan
高能高能高能！！！！,4,nan
高能高能高能！！！！,4,nan
高能警报?(^_-)高能警报?(^_-)高能警报?(^_-)高能警报?(^_-)高能警报?(^_-)高能警报?(^_-)高能高能警报?(^_-)警报?(^_-)高能警报?(^_-),4,nan
高能高能高能！！！！,4,nan
高能高能高能！！！！,4,nan
高能高能高能！！！！,4,nan
高能高能高能！！！！,4,nan
高能高能高能~~~,4,nan
高能高能高能高能,4,nan
高能高能高能高能,4,nan
高能高能高能高能,4,nan
高能高能高能高能！！,4,nan
高能警报?(^_-)高能警报?(^_-)高能警报?(^_-)高能警报?(^_-)高能警报?(^_-)高能警报?(^_-)高能警报?(^_-),4,nan
高能警报?(^_-)高能警报?(^_-)高能警报?(^_-)高能警报?(^_-)高能警报?(^_-)高能警报?(^_-)高能警报?(^_-)高能警报?(^_-),4,nan
高能高能高能高能高能！！！！！！！！！,4,nan
高能警报?(^_-)高能警报?(^_-)高能警报?(^_-)高能警报?(^_-)高能警报?(^_-)高能警报?(^_-)高能警报?(^_-)高能警报?(^_-)高能警报?(^_-),4,nan
高能警报?(^_-)高能警报?(^_-)高能警报?(^_-)高能警报?(^_-)高能警报?(^_-)高能警报?(^_-)高能警报?(^_-)高能警报?(^_-)高能警报?(^_-),4,nan
高能高能高能高能高能高能,4,nan
高能警报?(^_-)高能警报?(^_-)高能警报?(^_-)高能警报?(^_-)高能警报?(^_-)高能警报?(^_-)高能警报?(^_-)高能警报?(^_-)高能警报?(^_-),4,nan
高能高能高能高能高能高能高能,4,nan
高能警报?(^_-)高能警报?(^_-)高能警报?(^_-)高能警报?(^_-)高能警报?(^_-)高能警报?(^_-)高能警报?(^_-)高能警报?(^_-)高能警报?(^_-)高能警报?(^_-),4,nan
高能高能高能高能高能高能高能,4,nan
高能高能高能高能高能高能高能高能高能,4,nan
高能警告,4,nan
高能高能高能高能高能高能高能高能高能高能高能高能高能,4,nan
高能高能小哥哥来了！,4,nan
高能还有！,4,nan
高能还有一会儿,4,nan
高能警告,4,nan
高能警告,4,nan
高能护体,4,nan
高能警告,4,nan
高能救我,4,nan
高能军被吓了一跳,3,nan
高能军救我,1,nan
高能护体 高能护体,4,nan
高能护眼高能护眼,4,nan
高能护眼高能护眼,4,nan
刚刚的人还在吗,4,nan
高能军提示我们好像这辈子都走不出去了。,4,nan
高能护眼高能护眼,4,nan
高能君！！！！救命啊！！！！,1,nan
高能君，有恐怖的地方赶快说，我可以挡视野,1,nan
刚刚电池都不捡,4,nan
高能护眼高能护眼,4,nan
高能君？？？,3,nan
高能君？？？？,3,nan
高能护眼高能护眼高能护眼高能护眼,4,nan
高能君？？？？,3,nan
高能即将到来,4,nan
高能君啊啊啊,3,nan
高能即将来来也！！！,4,nan
高能君啊啊啊,3,nan
高能君啊啊啊,3,nan
高能君啊啊啊啊啊,3,nan
高能君啊别走我怕,1,nan
高能君帮您弹幕护体,4,nan
高能君被白米吓死了,3,nan
"高能即将来袭,各位朋友做好准备",4,nan
高能繼續,4,nan
高能君表示百米更吓人,3,nan
高能进屋！！！,4,nan
高能君表示我也害怕,1,nan
高能君表示我也害怕，嘤嘤嘤,1,nan
高能君还活着233,4,nan
高能君还在,4,nan
刚刚掉帧了吗,4,nan
高能君还在,4,nan
高能君还在嘛……,4,nan
高能就是嘤嘤嘤,4,nan
高能君忽然害怕，我家有地下室……,1,nan
高能君救救我我我我,1,nan
高能君救我！,1,nan
高能局为您保驾护航,4,nan
高能君快救命啊(?>?<?）,1,nan
高能军,4,nan
高能君快疼疼我,1,nan
高能军,4,nan
刚刚看的超级紧张 1,1,nan
高能君了呀？,1,nan
高能君呢！,1,nan
高能君呢！,1,nan
高能君呢！！,1,nan
高能军继续为您服务,4,nan
刚刚看的我紧张的一批,1,nan
高能军我太爱你了,4,nan
高能军再此,4,nan
高能军再此,4,nan
高能君呢！！！,1,nan
高能君呢！！！,1,nan
高能军在线,4,nan
高能军准备就绪,4,nan
高能君,4,nan
高能君,4,nan
高能君,4,nan
刚刚买了玩了一小时，退款再见,4,nan
高能君呢(?ω? ),1,nan
高能君呢？ ！,1,nan
高能君呢？？？吓死了,3,nan
高能君呢…吓死我了,3,nan
高能君呢哭哭哭,1,nan
高能君你变了,4,nan
高能君,4,nan
刚刚你还想从它身边过·········,4,nan
高能君你在哪？（瑟瑟發抖,1,nan
高能君,4,nan
高能君求保护,1,nan
高能君求保护！,1,nan
高能君求保护。,1,nan
刚刚是男主在咳嗽好吧,4,nan
高能君,4,nan
高能君,4,nan
高能君,4,nan
高能君,4,nan
高能君,4,nan
高能君,4,nan
高能君,4,nan
高能君,4,nan
高能君求预示,1,nan
高能君求助！！！,1,nan
高能君确认存活,4,nan
高能君说的我好怕怕呀,1,nan
高能君,4,nan
高能君提醒，前方高能,4,nan
高能君提醒可我还是被吓到了,3,nan
高能君,4,nan
高能君,4,nan
高能君吓尿了嘛换裤子,4,nan
高能君已被吓死,3,nan
高能君已经被尖叫吓死了,3,nan
高能君有点孩怕qwq,1,nan
高能君在不在呀？好可怕,1,nan
高能君在吗！！！(っ╥╯﹏╰╥c),1,nan
高能君在吗？我有点慌,1,nan
高能君在吗啊啊啊,3,nan
高能君,4,nan
高能君,4,nan
高能君在吗孩怕,1,nan
高能君在吗我有点慌,1,nan
高能君！,4,nan
高能君在哪里？？？！,1,nan
高能君在哪呀,1,nan
高能君在呢,1,nan
高能君在呢,1,nan
高能君！！！！SOS,4,nan
高能君！！！SOS！！！,4,nan
高能君怎么不见了啊啊啊啊啊啊,3,nan
高能君怎么跑了,1,nan
高能君中枪（我！）,4,nan
高能来了！,4,nan
高能来了啊啊啊啊啊啊啊啊啊啊啊啊啊啊啊啊啊啊啊啊啊啊啊啊啊啊啊啊啊啊啊啊啊啊啊啊啊啊啊啊啊啊啊啊啊啊啊啊啊啊弹幕护体弹幕护体弹幕护体弹幕护体弹幕护体弹幕护体弹幕护体弹幕护体,3,nan
高能来了吗,4,nan
高能君！！！快来报道,4,nan
高能前的预兆,4,nan
高能是真的吗啊啊啊啊啊啊,3,nan
高能提示：调低音量?(ˊvˋ*)?,4,nan
高能提醒我,4,nan
高能君，we need you,4,nan
高能君，快活过来,4,nan
高能小预警,4,nan
高能要来了！！！,4,nan
高能要来了。,4,nan
高能要来了吧,4,nan
高能君，维阿油闹~,4,nan
高能君，我爱你，拜托你了,4,nan
高能一大波预警,4,nan
高能又来了,4,nan
高能预警,4,nan
高能君，我需要高能君,4,nan
高能预警,4,nan
高能预警,4,nan
高能预警,4,nan
高能预警,4,nan
高能预警,4,nan
高能君。。,4,nan
高能预警,4,nan
高能预警,4,nan
高能预警,4,nan
高能君:我也爱你。,4,nan
高能预警,4,nan
高能预警,4,nan
高能君～,4,nan
高能预警,4,nan
高能预警,4,nan
刚好卡了。,4,nan
高能君+1,4,nan
高能预警,4,nan
高能预警,4,nan
高能预警,4,nan
高能预警,4,nan
高能预警,4,nan
高能预警,4,nan
高能预警,4,nan
高能君……yyyyyyyyyywryyyyyy,4,nan
高能君啊,4,nan
刚装上我就卡了,4,nan
高能预警,4,nan
高能预警,4,nan
高能预警,4,nan
高能君爱了爱了,4,nan
高能预警,4,nan
高能君爱你们！,4,nan
高能君保护我！！！,4,nan
高能君保护我！！！！！！,4,nan
高能预警,4,nan
高能君保护我鸭,4,nan
高能君报到,4,nan
高能君抱紧我,4,nan
高能君抱緊,4,nan
刚做完剖腹产,4,nan
高能君被白米给笑疯暂时不在,4,nan
高能君表示很开心～,4,nan
高能君敞开双臂，来，抱！,4,nan
高能预警,4,nan
高能君持续在线,4,nan
高能预警,4,nan
高能君出现吧，我等人,4,nan
高能君出现了,4,nan
高能君粗来工作了,4,nan
高能君到位,4,nan
高能君到位,4,nan
高能预警,4,nan
高能预警,4,nan
高能预警,4,nan
高能君到位,4,nan
高空缺氧,4,nan
高能君到位,4,nan
高能预警,4,nan
高能君到位,4,nan
高能预警,4,nan
高能预警,4,nan
高冷君还在吗？,4,nan
高难,4,nan
高能预警,4,nan
高能君到位,4,nan
高能君到位。,4,nan
高能预警,4,nan
高能君都是天使,4,nan
高能预警,4,nan
高能君刚睡醒看到,4,nan
高能君高能君,4,nan
高能君高能君,4,nan
高能预警,4,nan
高难,4,nan
高能预警,4,nan
高能预警,4,nan
高能预警,4,nan
高能预警,4,nan
高能预警,4,nan
高能预警,4,nan
高能预警,4,nan
高能预警,4,nan
高能预警,4,nan
高能预警,4,nan
高能预警,4,nan
高能君高能君！,4,nan
高能 预警,4,nan
高能君给力,4,nan
高能预警,4,nan
高能君过来抱抱！！我怕！,4,nan
高能预警,4,nan
高能君还好吗哈哈哈,4,nan
高能君好可爱,4,nan
高能预警,4,nan
高能君护体,4,nan
高能预警,4,nan
高能君护体！！！！,4,nan
高能君 我需要你的帮助,4,nan
高能预警,4,nan
高能君护体！！！！,4,nan
高能预警,4,nan
高能君会一直在这里的～,4,nan
高能君记得提醒,4,nan
高能预警,4,nan
高能预警,4,nan
高能预警,4,nan
高能君君救我,4,nan
高能君开始施工,4,nan
高能君靠你了,4,nan
高能预警,4,nan
高能君靠你们了,4,nan
高能君快出来,4,nan
高能预警,4,nan
高能预警,4,nan
高能君快粗线(*?????),4,nan
高能君快到,4,nan
高能君快点回来啊,4,nan
高能预警,4,nan
高能君快点来啊！！！！！,4,nan
高能预警,4,nan
高能预警,4,nan
高能君快工作。,4,nan
高能预警,4,nan
高能君快来,4,nan
高能预警,4,nan
高能君快来快来快来,4,nan
高能君来啦,4,nan
高能君来啦,4,nan
高能预警,4,nan
高能预警,4,nan
高能预警,4,nan
高能预警,4,nan
高能预警,4,nan
高能预警,4,nan
高能预警,4,nan
高能预警,4,nan
高能君来啦,4,nan
高能预警,4,nan
高能预警,4,nan
高能君来啦！！！,4,nan
高能君来了,4,nan
高能预警,4,nan
高能预警,4,nan
高能君来了,4,nan
高能君，，唉，，在哪,4,nan
高能君来了(??ω??)??,4,nan
高能君冒个泡撒,4,nan
高能君冒泡,4,nan
高能预警,4,nan
高能预警,4,nan
高能君们请抱紧我！,4,nan
高能君沐汐在，别怕23333,4,nan
高能君呐,4,nan
高能君请到位！！,4,nan
高能预警,4,nan
高能君请上线,4,nan
高能君请时刻准备,4,nan
高能君求嫁,4,nan
高能预警,4,nan
高能君去哪里，快回来还有为什么弹幕这么少。,4,nan
高能君上班,4,nan
高能预警,4,nan
高能预警,4,nan
高能预警,4,nan
高能预警,4,nan
高能君不要走。QAQ,1,nan
高能君上线,4,nan
高能预警,4,nan
高能君上线,4,nan
高能君上线,4,nan
高能君上线,4,nan
高能预警,4,nan
高能君上线,4,nan
高能君上线,4,nan
高能君迟到了啊,4,nan
高能君上线,4,nan
高能君都不在，那我就来标一下吧,4,nan
高能君上线。,4,nan
高能君施工完毕啦～,4,nan
高能君还在吗！,4,nan
高能君还在吗……我好方,1,nan
高能预警,4,nan
高能君为你服务,4,nan
高能君为你们缓解气氛,4,nan
高能预警,4,nan
高能君为您服务，请放心使用(??ω?)?嘿,4,nan
高能预警 小心背后,4,nan
高能君为您护航,4,nan
高能预警！,4,nan
高能预警！,4,nan
高能预警！,4,nan
高能预警！,4,nan
高能君我爱你,4,nan
高能君我爱你,4,nan
高能君我爱你,4,nan
高能预警！,4,nan
高能君我爱你,4,nan
高能君我爱你,4,nan
高能君我爱你,4,nan
高能预警！！,4,nan
高能预警！！,4,nan
高能预警！！！,4,nan
高能预警！！！,4,nan
高能预警！！！,4,nan
高能君我爱你，高能君加油！！,4,nan
高能预警！！！！,4,nan
高能预警！！！！！！,4,nan
高能预警！！！米米厉害啊，玩游戏玩出预测能力了,4,nan
高能君我爱你，高能君谢谢了,4,nan
高能君我爱你qwq,4,nan
高能君我需要你,4,nan
高能君我需要你www,4,nan
高能君我需要你啊啊啊,4,nan
高能预警！！，高能高能！！,4,nan
高能预警！！双鱼粉色高能君在线为您导航！！,4,nan
高能预警！护眼君！(来自淡蓝色高能君的呼唤),4,nan
高能预警，高能预警,4,nan
高能君辛苦,4,nan
高能预警，米米的第六感真强,4,nan
高能预警，手机拿远点,4,nan
高能预警~,4,nan
高能君辛苦啊！,4,nan
高能君辛苦啦,4,nan
高能预警zaima,4,nan
高能君辛苦了,4,nan
高能预警啊啊啊,4,nan
高能预警啊啊啊啊马上来,4,nan
高能预警宝贝们,4,nan
高能预警高能预警,4,nan
高能君辛苦了,4,nan
高能君要保护我们这群沙雕啊,4,nan
高能预警高能预警,4,nan
高能君要来了,4,nan
高能君要晾衣服了,4,nan
高能君一直都在哦,4,nan
高能君已上线,4,nan
高能君已上线。,4,nan
高能君已上线。,4,nan
高能预警高能预警,4,nan
高能预警高能预警,4,nan
高能预警高能预警,4,nan
高能君有的是我是张大仙,4,nan
高能预警高能预警,4,nan
高能预警高能预警,4,nan
高能君佑我,4,nan
高能预警高能预警,4,nan
高能君在,4,nan
高能预警高能预警,4,nan
高能君在,4,nan
高能君在,4,nan
高能预警高能预警！,4,nan
高能君在!,4,nan
高能君在!,4,nan
高能预警高能预警高能预警,4,nan
高能预警高能预警高能预警,4,nan
高能君在，别怕,4,nan
高能君在，粉色高能君持续为您服务！准确报时！,4,nan
高能预警高能预警高能预警,4,nan
高能预警高能预警高能预警,4,nan
高能君在ma,4,nan
高能君在此,4,nan
高能君在此,4,nan
高能预警高能预警高能预警高能预警,4,nan
高能君在此,4,nan
高能君在此,4,nan
高能君在此,4,nan
高能君在此,4,nan
高能君在此,4,nan
高能预警高能预警高能预警高能预警,4,nan
高能预警高能预警高能预警高能预警,4,nan
高能君在此,4,nan
高能君在此，请大家放心观看、,4,nan
高能预警高能预警高能预警高能预警,4,nan
高能君在此不要怕,4,nan
高能预警高能预警高能预警高能预警,4,nan
高能君在高能君在高能君在高能君在高能君在高能君在高能君在高能君在高能君在高能君在,4,nan
高能君在就好！,4,nan
高能预警高能预警高能预警高能预警,4,nan
高能君在唛,4,nan
高能预警高能预警高能预警高能预警,4,nan
高能君在莫在莫qaq,4,nan
高能预警高能预警高能预警高能预警,4,nan
高能君在哦～?( 'ω' )?不要怕～,4,nan
高能君在这里,4,nan
高能君在这里,4,nan
高能君终于来了,4,nan
高能君终于来了！,4,nan
感谢下方黄字科普,0,nan
高能菌护体,4,nan
高能君要上学，没时间看白米实况，好惨_(:_」∠)_,1,nan
高能君嘤嘤嘤哭求,1,nan
高能菌护体,4,nan
高能菌护体阿阿阿,4,nan
高能预警高能预警高能预警高能预警,4,nan
高能预警高能预警高能预警高能预警,4,nan
高能预警高能预警高能预警高能预警,4,nan
高能菌时刻准备好啊,4,nan
高能预警高能预警高能预警高能预警,4,nan
高能菌万岁,4,nan
高能预警高能预警高能预警高能预警高能预警,4,nan
高能菌已上线,4,nan
高能俊了,4,nan
高能开始,4,nan
高能预警高能预警高能预警高能预警高能预警高能预警高能预警高能预警高能预警高能预警,4,nan
高能开始,4,nan
高能预警哦！,4,nan
高能开始啦，各位注意,4,nan
高能注意,4,nan
高能快点啊,4,nan
咯咯咯，你是魔鬼吗？妹子你去c哇,4,nan
高能快来了,4,nan
高能啦 小姐姐找到啦,4,nan
高能啦 小姐姐找到啦,4,nan
高能来咯,4,nan
哥哥，没被游戏吓死也要被你的尖叫吓死,3,nan
高能来咯,4,nan
阁楼巨恐怖 提前预警,4,nan
高能来咯,4,nan
高能来咯,4,nan
嗝～,4,nan
高能来啦,4,nan
嗝～,4,nan
高能来啦！?,4,nan
嗝～,4,nan
高能君怎么没有了！哭唧唧！！,1,nan
高能来了,4,nan
嗝～,4,nan
高能来了,4,nan
高能君阵亡,4,nan
高能来了,4,nan
各位害怕就看看弹幕吧,4,nan
高能君走了，拜,4,nan
各位要小心了,4,nan
给米米吓死了,3,nan
给我死啊啊啊啊啊啊啊啊啊啊啊啊啊啊给老子死啊啊啊啊啊啊弹幕护体弹幕护体弹幕护体弹幕护体弹幕护体啊啊啊啊啊啊啊啊啊啊啊啊啊啊啊啊啊啊啊啊啊啊啊啊啊啊啊啊啊啊啊啊啊啊啊啊啊啊啊啊啊啊啊啊啊啊啊啊啊啊啊啊啊,2,nan
高能来了,4,nan
高能来了,4,nan
给我吓成大笨蛋,4,nan
高能来了,4,nan
高能来了,4,nan
高能来了,4,nan
高能来了,4,nan
给我吓得真·虎躯一震，缓半天没缓过来，被吓的最颤抖的一个,3,nan
给我遮住给我遮住给我遮住给我遮住给我遮住给我遮住给我遮住给我遮住给我遮住给我遮住给我遮住给我遮住啊啊啊啊啊啊啊啊啊啊啊啊啊啊啊啊啊啊啊啊啊啊啊啊啊啊啊啊啊啊啊啊啊啊啊啊啊啊啊护体护体护体护体护体护体,3,nan
高能来了,4,nan
高能菌在吗，我有点害怕,1,nan
给我整懵了,1,nan
根本记不住哪儿是哪,4,nan
高能来了,4,nan
高能来了！！！！,4,nan
高能来了嘿嘿嘿,4,nan
高能太多，对不起，请勿带耳机。,4,nan
高能来了ヽ(???)?！,4,nan
高能预警！迅速撤离现场,4,nan
高能来了噢（白米尖叫,4,nan
跟生化危机7差不多的,4,nan
攻了,4,nan
估计可能有秦王绕柱的玩法,4,nan
高能预警（QAQ暴风哭泣）,4,nan
估计晚上玩可能要被吓死,4,nan
高能来袭,4,nan
高能来袭,4,nan
高能来袭！！！！！！！！！！,4,nan
高能来也,4,nan
高能那！！！！！,4,nan
估计有高能,4,nan
高能预警且持续,4,nan
高能呢,4,nan
估计有高能,4,nan
高能呢,4,nan
咕。,4,nan
高能呢,4,nan
咕~,4,nan
高能呢,4,nan
高能呢,4,nan
高能你,4,nan
古娜拉黑暗之神妈累个逼黑魔仙，全身变,4,nan
高能预警做好准备,4,nan
高能牛批,4,nan
故意开灯的宝贝们！怪物挡道了啊！,4,nan
怪不得记忆这么好考上美国大学,4,nan
怪不得羊角哥可以上来,4,nan
高能哦,4,nan
怪不在附近就不用关门,4,nan
高能哦,4,nan
高能哦,4,nan
高原反应,4,nan
高能哦~,4,nan
高原反应,4,nan
高能啪啪啪,4,nan
高原反应,4,nan
怪在附近一定要记得关门不然...,4,nan
关灯更可怕吧,4,nan
高能前的音乐,4,nan
关了声音就不怕了,4,nan
高能前方高能,4,nan
高能请认证∶心动太可爱了,4,nan
高能请认准∶心动太可爱了,4,nan
观看者疯了……,4,nan
高能求高能君嗷嗷嗷嗷嗷,4,nan
告诉自己 这个是不存在的,4,nan
官方剧透最为致命,4,nan
光头，果然是强者,4,nan
高能人了,4,nan
阁楼的那个房间还没有去过吧,4,nan
高能上线,4,nan
高能少年团都,4,nan
光头吴克,4,nan
高能什么的我最爱了,4,nan
鬼：叫什么，大晚上的，吓死老娘了,4,nan
高能贴脸,4,nan
鬼:你是要吓死宝宝吗？,4,nan
鬼：你走不了了,4,nan
高能小哥哥持续为您服务,4,nan
高能小哥哥在呢,4,nan
高能小姐姐,4,nan
高能小姐姐也在哦，不要害怕！,4,nan
高能要来咯,4,nan
隔一层都摔死了，怎么可能下得去,4,nan
高能要来了,4,nan
各位老爷，我走了，只能坚持到这了。,4,nan
各位没认真看嘛，已经走出梦境了好吧~_~,4,nan
鬼：谁跟你是兄弟~,4,nan
鬼：我还没出来你就这样了。。。。,4,nan
各位再见，我去交考卷了,4,nan
鬼：我来了,4,nan
鬼：我想你，来找你了,4,nan
高能要来了,4,nan
高能要来了,4,nan
高能要来了,4,nan
鬼：我正在通道里等你,4,nan
鬼：小朋友，我来找你了,4,nan
鬼：抓住你的脚了……,4,nan
高能要来了,4,nan
鬼被up吓死了,4,nan
高能哟,4,nan
高能预备 各位看官抓紧了,4,nan
高能预备 前方小姐姐登场,4,nan
鬼被米米的尖叫吓死了,4,nan
鬼不吓人，吓人的是叫声,4,nan
鬼打墙了,4,nan
高能预定,4,nan
高能预定,4,nan
鬼刀一开,4,nan
鬼刀一开，看不见，走位走位~,4,nan
高能预定,4,nan
鬼都是被你吓跑的,4,nan
高能预定,4,nan
高能预定,4,nan
高能预定,4,nan
高能预定,4,nan
高能远离手机,4,nan
鬼见条,4,nan
高能在,4,nan
高能在在在在在在在在在在在,4,nan
高能中,4,nan
鬼叫什么,4,nan
高能注意哦,4,nan
鬼叫鸭,4,nan
给我吓出眼泪水,1,nan
高能追逐战上场！做好准备！,4,nan
鬼看条,4,nan
高能准备,4,nan
高能准备,4,nan
高能准备！！！,4,nan
高能准备来了~,4,nan
鬼来的时候要马上进到安全屋里，并且关上门，这样鬼就进不来了，因为安全屋里有符咒,4,nan
高斯,4,nan
高原反应呗,4,nan
鬼来了，灯就亮了。,4,nan
感谢字幕君,0,nan
高智商,4,nan
高智商,4,nan
搞笑游戏,4,nan
告白高能君,4,nan
告白小米,4,nan
鬼一直在吓人而已,4,nan
告诉高能君我爱他,4,nan
咯,4,nan
咯咯咯咯咯咯咯咯咯咯咯咯咯咯咯咯,4,nan
咯咯咯咯咯咯咯咯咯咯咯咯咯咯咯咯咯咯咯,4,nan
哥布林？？哈哈哈哈,4,nan
鬼知道,4,nan
鬼知道,4,nan
哥哥，我拜托你，看看攻略吧，没人会说你的,4,nan
哥哥哥哥哥哥哥,4,nan
哥哥好好听,4,nan
哥哥来找你玩了,4,nan
鬼知道我前面看了多少遍ヾ(●??｀●)?哇～,4,nan
跪求弹幕君,3,nan
根本记不住路啊,4,nan
歌来咯！好运来我们好运来~好运气我们……,4,nan
阁楼“大宝贝”高能了解一下,4,nan
格兰芬多、斯莱特林、赫奇帕奇、拉文克劳：阿达瓦索命,4,nan
跪求高能,1,nan
格瑞是我的,4,nan
格瑞特,4,nan
跪求高能君,1,nan
葛根粉黑色裤子了,4,nan
隔壁无间都速通了,4,nan
嗝，喵的,4,nan
跪求高能君,1,nan
跪求高能君,1,nan
跟着一起紧张了,1,nan
嗝嗝嗝,4,nan
各位，我方了……,4,nan
各位等会有高能,4,nan
各位观众姥爷们好～黄色高能君开始工作啦～,4,nan
各位观众姥爷们好～黄色高能君开始工作啦～～,4,nan
跪求高能君,1,nan
跪求高能君,1,nan
各位亲朋好友快给份子钱,4,nan
各位鼠爷好！,4,nan
跪求高能君,1,nan
攻略咋了，米米不一定看过攻略而且有些人（比如我）玩个益智小游戏都要看答案,4,nan
各位小可爱们不要怕，没有第二只羊角哥的（江归）,4,nan
各位有小高能,4,nan
各种真香,4,nan
给高能君五星好评*****,4,nan
攻略组的才是最难受的吧，心疼攻略组的人,4,nan
估计是死了或者关机重来，反正办法总比困难多,4,nan
给个收藏吧！,4,nan
跪求高能君,1,nan
跪求高能君,1,nan
孤寡孤寡孤寡孤寡孤寡孤寡孤寡孤寡孤寡孤寡孤寡孤寡孤寡孤寡孤寡孤寡,4,nan
跪求高能君,1,nan
跪求高能君,1,nan
跪求高能君,1,nan
给攻略点个赞23333,4,nan
跪求高能君,1,nan
给米米比心,4,nan
给你,4,nan
给你个赞\(≧▽≦)/你真的强,4,nan
给你看看我的大宝贝,4,nan
给你块糖抱走up主,4,nan
给你一片天空,4,nan
跪求高能君,1,nan
给你一片天空给你一片天空给你一片天空给你一片天空,4,nan
跪求高能君。,1,nan
给你一片天空给你一片天空给你一片天空给你一片天空给你一片天空给你一片天空给你一片天空给你一片天空给你一片天空给你一片天空给你一片天空给你一片天空给你一片天空给你一片天空给你一片天空给你一片天空,4,nan
给您开个门,4,nan
跪求高能君啊啊啊啊啊,3,nan
跪求高能君嘤嘤嘤,1,nan
骨折了,4,nan
跪求高能菌,1,nan
给我天蝎呀,4,nan
给我一个林正英我能把鬼吓得像白米一样尖叫,4,nan
跪求护眼君啊啊啊啊啊啊啊啊啊啊啊,3,nan
果然,4,nan
怪不得陈子豪不播了,4,nan
果然，天秤座?钥匙，一定会以比较和平方式出现！,4,nan
关门啦,4,nan
给我一个支点，我可以翘起地球,4,nan
给我一套钢铁侠战衣我能把鬼打出翔,4,nan
给乌鸦开开眼,4,nan
果然，最神秘的水瓶座一般都是最后才出场的,4,nan
关门了有鬼不就来不及了么,4,nan
给爷整笑了,4,nan
给自己壮胆,4,nan
感谢字幕君,0,nan
果然不出我所料，我聋了,4,nan
果然没这么简单吧,4,nan
关门想一下（看攻略）,4,nan
跟风一波,4,nan
果然米米不叫我就没事,4,nan
果然是9420？（滑稽）,4,nan
跟个娘们一样,4,nan
果然是小姐捷,4,nan
果然是小姐睫吗,4,nan
跟家一样熟悉,4,nan
跟小姐姐比起来小哥哥算是有良心的了,4,nan
跟着灯走,4,nan
跟着风,4,nan
跟着感觉走,4,nan
果然水瓶座跟水有关的啊,4,nan
棺材,4,nan
果真，恐怖游戏真下作业,4,nan
过了？,4,nan
哈利波特？？,4,nan
还不是吓出声了,4,nan
跟着黑暗走，你会找到答案，这是凶宅惊魂的通关秘诀,4,nan
还好还好这东西只知道往光这里去,4,nan
还好是锁着的？,4,nan
还记得我的天哪,4,nan
跟着米米一起尖叫,4,nan
还开灯啊啊啊啊别,4,nan
耿直米～,4,nan
"更好尽快k'ASADSFRGBHKLK;L'""",4,nan
还没看见我大水瓶。。。,4,nan
更新了！,4,nan
工具房 这个我记得 我天秤,4,nan
工具箱是好伙伴,4,nan
还没烧存不了哦,4,nan
公放~~~,4,nan
还没醒,4,nan
公子快进来坐坐~,4,nan
还是被米米吓到了,4,nan
还是被吓到了,4,nan
攻~守~兼备的白米,4,nan
攻里攻气,4,nan
鬼:淦，网络不好掉线了,4,nan
还是被吓到了！！哭唧唧,4,nan
还是很好奇神器怕火为什么不把房子烧了,4,nan
还以为是叶子,4,nan
攻略，永远滴神,4,nan
攻略。。。,4,nan
还以为小哥哥会进来然后小姐姐醒来他俩打米米旁观。。。,4,nan
柜橱钥匙拿了没,4,nan
攻略。。。。。,4,nan
攻略:让你天天看我，被我耍了吧,4,nan
攻略的重要性,4,nan
还有菜刀哥在呢,4,nan
攻略的重要性,4,nan
刚才那声喘，爱死了,0,nan
攻略米,4,nan
刚刚白米尖叫的时候我笑疯了,0,nan
还有那么多集我怕啊！！！,4,nan
攻略完整的让人舒坦,4,nan
还有人记得有一个神秘的门吗,4,nan
攻略向你招手,4,nan
还有人吗 有人吱一声,4,nan
还有人吗？？？？,4,nan
还有人吗？吱个声。,4,nan
攻略战神,4,nan
攻略召唤你,4,nan
攻略召唤你,4,nan
还原？？？,4,nan
攻略真好,4,nan
还真忘了，话说男主心理素质太好了，没被吓死,4,nan
攻略真好用,4,nan
攻略真香,4,nan
孩怕,4,nan
孩怕,4,nan
孩怕,4,nan
害怕,3,nan
害怕,3,nan
攻米上线qvq,4,nan
攻气满满,4,nan
害怕,3,nan
攻气十足,4,nan
害怕,3,nan
刚刚米米攻了5秒！嘿嘿,0,nan
恭送白米离开。,4,nan
高能菌爱你们！(o?ω`o)ノ,0,nan
恭喜UP主成为了驱魔人,4,nan
恭喜Up主通关，是时候入Up主的坑了，要坚持继续解说这么优良的游戏啊,4,nan
害怕,3,nan
跪求高能君，害怕嘤,1,nan
高原反应哈哈哈哈哈,0,nan
害怕,3,nan
害怕,3,nan
根本不怂…………哈哈哈哈哈哈哈哈哈哈哈哈哈哈,0,nan
攻略都是骗人的哈哈哈哈哈哈哈哈哈哈,0,nan
害怕,3,nan
害怕,3,nan
害怕,3,nan
攻略骗人哈哈哈哈哈哈哈,0,nan
害怕,3,nan
害怕,3,nan
害怕,3,nan
害怕,3,nan
害怕,3,nan
害怕,3,nan
恭喜！！,0,nan
恭喜恭喜,0,nan
害怕,3,nan
害怕,3,nan
恭喜米米来到最终之地，但放心，游戏还没结束_(:з」∠)_,4,nan
恭喜你，又懂了,4,nan
害怕,3,nan
恭喜你猜对了。,4,nan
恭喜你发财,4,nan
害怕,3,nan
恭喜你过关了。,4,nan
恭喜你卡出游戏了,4,nan
害怕,3,nan
恭喜你来到我们古墓派,4,nan
过期米,4,nan
害怕,3,nan
过去了,4,nan
恭喜你呀,4,nan
恭喜你又懂了,4,nan
害怕,3,nan
恭喜恭喜,0,nan
哈根达斯吃不起啊米米,4,nan
共浴了啊~共浴了啊~,4,nan
贡献自己的一份力啊啊啊啊啊啊啊啊啊啊啊啊啊啊啊啊啊啊啊啊啊啊啊啊啊啊啊啊啊啊啊啊啊啊啊啊啊啊啊啊啊啊啊啊啊啊啊啊啊啊啊啊啊啊啊啊啊啊啊啊啊啊啊啊啊啊啊啊啊啊啊啊啊啊啊啊啊啊啊啊啊啊啊啊啊啊啊啊啊啊,4,nan
恭喜恭喜,0,nan
害怕,3,nan
害怕,3,nan
勾起保护欲,4,nan
枸杞红枣走一波,4,nan
害怕,3,nan
够高,4,nan
咳咳,4,nan
够厉害 ,4,nan
估计还想看一波老熟人,4,nan
估计结尾高潮涌起,4,nan
估计这集很多高能,4,nan
害怕,3,nan
害怕,3,nan
害怕,3,nan
咕嘟咕嘟咕嘟咕嘟,4,nan
咕咕咕,4,nan
害怕,3,nan
害怕,3,nan
咕咕咕,4,nan
咕咕咕,4,nan
咳咳,4,nan
害怕,3,nan
害怕,3,nan
咕咕咕,4,nan
咕咕咕！,4,nan
害怕,3,nan
害怕,3,nan
害怕,3,nan
咳咳,4,nan
害怕,3,nan
咕噜咕噜,4,nan
咳咳,4,nan
害怕,3,nan
咕噜灵波,4,nan
呱,4,nan
害怕,3,nan
呱,4,nan
害怕,3,nan
害怕,3,nan
呱,4,nan
呱！,4,nan
害怕，抱紧白米,3,nan
害怕【,3,nan
害怕ing.,3,nan
辜负哈护肤阿股份和,4,nan
古拉啦黑暗之神,4,nan
咳咳,4,nan
咳咳，自动变色,4,nan
害怕wuwuwu,3,nan
咳咳咳,4,nan
咳咳咳,4,nan
害怕啊啊啊,3,nan
古娜拉，黑暗之神呼呼拉呼黑魔变身,4,nan
害怕啊啊啊啊啊,3,nan
古娜拉黑暗之神，呜卡拉卡，黑魔仙全身变,4,nan
古娜拉黑暗之神呜呼啦呼黑魔变身！,4,nan
鼓掌,4,nan
鼓掌鼓掌！！！,4,nan
害怕啊啊啊啊弹幕护体,3,nan
害怕成这样了还做视频，不就是为了恰饭吗，也不容易。。。。,3,nan
咳咳咳……,4,nan
乖,4,nan
乖,4,nan
害怕虫子woc,3,nan
害怕到放大音量,3,nan
乖 别怕 在床上等我（滑稽）,4,nan
乖，不哭不哭,4,nan
害怕到缩成一团,3,nan
乖，摸摸头,4,nan
乖不跑不跑我牵着你,4,nan
乖乖,4,nan
害怕得捂住屏幕,3,nan
害怕的到处乱晃,3,nan
乖乖，不哭不哭,4,nan
害怕的裹紧我的小被窝,3,nan
害怕的我马上截了个图,3,nan
乖乖不哭了昂,4,nan
乖乖跟着白米逛，路痴已经蒙了,4,nan
害怕的呀批,3,nan
害怕都不敢关弹幕呀,3,nan
害怕害怕,3,nan
怪:好啊，你说的,4,nan
害怕害怕,3,nan
关键是得会认路,4,nan
害怕害怕,3,nan
关键是那个氛围,4,nan
关键是自己玩过觉得真的没有那么可怕啊，当然up也很棒,4,nan
害怕害怕,3,nan
关门大吉,4,nan
恭喜恭喜。,0,nan
关门啦啊,4,nan
恭喜恭喜恭喜你呀,0,nan
观察的很仔细,4,nan
观众要聋了谢谢,4,nan
恭喜恭喜恭喜你呀,0,nan
害怕害怕害怕害怕,3,nan
害怕极了,3,nan
闺蜜狮子座。,4,nan
鬼畜高能,4,nan
咳咳咳咳咳咳……看球啊,4,nan
害怕怕,3,nan
恭喜完结,0,nan
还…还有人吗？,4,nan
供电局哈哈哈哈哈哈哈哈,0,nan
害怕怕,3,nan
害怕怕,3,nan
害怕怕,3,nan
乖白米，攻略是坏东西不要相信他哦哈哈哈,0,nan
害怕怕,3,nan
鬼的皮肤都好蓝啊,4,nan
鬼来的时候要找到安全屋，进去后,4,nan
鬼脸不错，不恐怖，就是突然贴近有点刺激,4,nan
害怕怕,3,nan
害怕怕,3,nan
害怕怕,3,nan
害怕怕,3,nan
鬼女王。,4,nan
鬼舞步,4,nan
害怕怕,3,nan
柜子上有钥匙呀,4,nan
害怕怕‘’,3,nan
害怕我的妈,3,nan
害怕我的妈,3,nan
喊的我吓得一拘灵,3,nan
喊了一声giao!,4,nan
好叭 被UP吓哭了？？,3,nan
好刺眼，是谁在装X,4,nan
好大,4,nan
好大,4,nan
好大阿我的天,4,nan
好多钟啊，好吓人,3,nan
好害怕,3,nan
好害怕，有人吱一声吗？,3,nan
好害怕+999,3,nan
还不快跑吗？,4,nan
还不跑阿,4,nan
好害怕啊！,3,nan
好害怕啊啊啊,3,nan
好害怕啊啊啊这跳的,3,nan
好害怕她扑过来,3,nan
好黑,4,nan
好黑,4,nan
好黑,4,nan
好黑，看不见,4,nan
好黑啊，气势我啥都没看见,4,nan
还惦记雪糕呢,4,nan
好黑啊~~,4,nan
好晃,1,nan
好晃，有点晕,1,nan
好几次都被男主影子吓到(●—●),3,nan
好可怕,3,nan
好可怕,3,nan
好可怕,3,nan
好可怕,3,nan
好可怕,3,nan
好可怕,3,nan
好可怕,3,nan
好可怕 血管爆裂声,3,nan
好可怕。。。,3,nan
弹幕活跃一点啊,4,nan
好可怕啊,3,nan
弹幕军上,4,nan
弹幕君,4,nan
还好吧doge,4,nan
好可怕啊！没弹幕护体,3,nan
弹幕君！,4,nan
好可怕啊啊啊高能君你在哪,3,nan
好可怕好可怕,3,nan
好可怕鸭,3,nan
弹幕君弹幕君在哪里,4,nan
好可怕嘤嘤嘤好可怕嘤嘤嘤,3,nan
好恐怖,3,nan
好恐怖,3,nan
弹幕君何在,4,nan
好恐怖,3,nan
关门哈哈哈哈,0,nan
国际英雄王德发,4,nan
弹幕君呢,4,nan
国外哈根达斯很便宜的,4,nan
弹幕君呢弹幕君呢,4,nan
果然bug才是最大的BOSS,4,nan
弹幕抗体了,4,nan
好恐怖,3,nan
还好没买豪宅，不然自己永远走不出去了,4,nan
果真.尖叫不止,4,nan
弹幕快出来,4,nan
还好我网络不好 没看到什么恐怖镜头,4,nan
好恐怖,3,nan
弹幕快递到达,4,nan
还记得老E生生把自己绕晕了接着就断更了,4,nan
果真关闭弹幕能保持好心态,4,nan
弹幕快护驾,4,nan
弹幕快来,4,nan
关门门哈哈哈可爱,0,nan
好恐怖,3,nan
弹幕来！！！！！！,4,nan
弹幕来吧,4,nan
弹幕来了,4,nan
弹幕来了,4,nan
光速打脸哈哈哈哈,0,nan
弹幕来惹,4,nan
弹幕来一波,4,nan
弹幕老男酮了,4,nan
过年用,4,nan
还记得吗,4,nan
弹幕嘞,1,nan
还来,4,nan
还没出来，，，，,4,nan
哈,4,nan
还没结束吗,4,nan
哈,4,nan
好恐怖,3,nan
哈,4,nan
弹幕嘞,1,nan
好恐怖,3,nan
弹幕嘞,1,nan
哈,4,nan
哈,4,nan
弹幕嘞，吖吖吖吖吖,1,nan
弹幕嘞，俺好怂啊！！,1,nan
哈          哈,4,nan
弹幕嘞？现在凌晨看视频快要怕死了,1,nan
弹幕木得了,1,nan
哈，路转粉,4,nan
哈，我这里显示是两个人在看,4,nan
哈:咋了王德华，你叫我干嘛？,4,nan
哈？,4,nan
哈啊啊啊啊啊啊啊啊啊啊啊啊啊,4,nan
哈啊哈哈哈啊哈哈,4,nan
哈啊哈哈哈哈,4,nan
哈尔滨红肠,4,nan
弹幕幕,1,nan
哈咯屋gi,4,nan
哈咯无给来了来了来了来了来了来了来了！！！,4,nan
弹幕那？！,1,nan
弹幕呢,1,nan
好恐怖,3,nan
还没看到瓶子嘤嘤嘤,1,nan
弹幕呢,1,nan
还没人吗,4,nan
弹幕呢,1,nan
弹幕呢,1,nan
还没有灯。。。,4,nan
弹幕呢,1,nan
弹幕呢,1,nan
弹幕呢,1,nan
弹幕呢,1,nan
弹幕呢,1,nan
弹幕呢,1,nan
哈根达斯国外貌似挺便宜的,4,nan
鬼畜哈哈哈哈,0,nan
弹幕呢,1,nan
弹幕呢,1,nan
弹幕呢,1,nan
鬼畜了，哈哈,0,nan
还没走啊兄弟们我们没有抛下你们,4,nan
鬼畜了～哈哈哈哈,0,nan
棍神器＝神棍哈哈哈哈哈,0,nan
过分了写自己哈哈哈哈哈哈,0,nan
好恐怖,3,nan
弹幕呢,1,nan
还是说我太早了,4,nan
过年看他哈哈哈哈哈哈哈哈哈哈哈哈哈哈,0,nan
好恐怖(?_?),3,nan
哈哈,0,nan
哈哈,0,nan
哈哈,0,nan
哈哈,0,nan
哈哈,0,nan
好恐怖a,3,nan
哈哈,0,nan
哈哈,0,nan
弹幕呢,1,nan
哈哈,0,nan
哈哈,0,nan
弹幕呢,1,nan
弹幕呢,1,nan
弹幕呢,1,nan
哈哈,0,nan
哈哈,0,nan
弹幕呢,1,nan
弹幕呢,1,nan
还是小心点为好,4,nan
哈哈,0,nan
还说没看，看到闸都不惊讶,4,nan
弹幕呢,1,nan
哈哈,0,nan
好恐怖啊,3,nan
哈哈,0,nan
弹幕呢,1,nan
还要被折磨9次,4,nan
弹幕呢,1,nan
哈哈,0,nan
哈哈,0,nan
弹幕呢,1,nan
弹幕呢,1,nan
弹幕呢,1,nan
哈哈,0,nan
哈哈,0,nan
哈哈,0,nan
哈哈,0,nan
弹幕呢,1,nan
哈哈,0,nan
好恐怖啊。,3,nan
哈哈,0,nan
哈哈,0,nan
哈哈,0,nan
好恐怖嘤嘤嘤嘤,3,nan
哈哈,0,nan
哈哈,0,nan
弹幕呢,1,nan
好阔怕,3,nan
还要回去啊我想家,1,nan
好阔怕,3,nan
弹幕呢,1,nan
哈哈,0,nan
哈哈,0,nan
哈哈,0,nan
弹幕呢,1,nan
哈哈,0,nan
哈哈,0,nan
哈哈,0,nan
好阔怕,3,nan
好阔怕的亚子,3,nan
哈哈,0,nan
弹幕呢,1,nan
好怕,3,nan
好怕,3,nan
好怕,3,nan
弹幕呢,1,nan
好怕,3,nan
哈哈,0,nan
哈哈,0,nan
弹幕呢,1,nan
哈哈,0,nan
哈哈,0,nan
好怕,3,nan
哈哈,0,nan
弹幕呢,1,nan
哈哈,0,nan
弹幕呢,1,nan
哈哈,0,nan
还要找啊,1,nan
哈哈,0,nan
哈哈,0,nan
哈哈,0,nan
弹幕呢,1,nan
弹幕呢,1,nan
哈哈 得瑟,0,nan
哈哈 叫的嗓子都哑了,0,nan
哈哈！演员！,0,nan
哈哈(?ω?),0,nan
还以为能出去了,1,nan
哈哈(?ω?)hiahiahia,0,nan
哈哈，,0,nan
哈哈，，,0,nan
好怕好怕,3,nan
弹幕呢,1,nan
哈哈，刺客,0,nan
好怕怕,3,nan
好怕怕,3,nan
还嘤嘤嘤,1,nan
哈哈，关弹幕喽,0,nan
弹幕呢,1,nan
哈哈，官方吐槽,0,nan
还有 有护身符 拿到神器 必定有高能！,4,nan
哈哈，几秒不见甚是想念啊，白米,0,nan
弹幕呢,1,nan
弹幕呢,1,nan
哈哈，每次都是到最关键地方随机,0,nan
哈哈，拿到钥匙~,0,nan
好怕怕,3,nan
哈哈，你别想跑啦,0,nan
哈哈，你跑不了啦,0,nan
还有4集不舍,1,nan
弹幕呢,1,nan
好怕怕。。。,3,nan
哈哈，牛角哥,0,nan
好怕怕啊,3,nan
弹幕呢,1,nan
哈哈，挺好看的,0,nan
哈哈，我好想笑，白米太阔爱了,0,nan
哈哈，我之前第一次看这里快被吓死了,0,nan
哈哈，习惯了,0,nan
哈哈，橡皮你真调皮，什么时候了还吓唬我哈哈,0,nan
哈哈，一不小心真相了,0,nan
好怕怕怕怕怕怕怕怕怕怕,3,nan
还有很多,4,nan
哈哈，一开始就驾驭了,0,nan
哈哈，这下你哪也跑不了了,0,nan
弹幕呢,1,nan
弹幕呢,1,nan
哈哈，这造型可以啊,0,nan
好怕怕呀！但是还是好好奇后面会发生什么,4,nan
好怕小姐姐进来…,3,nan
弹幕呢,1,nan
哈哈。,0,nan
弹幕呢,1,nan
还有九集，2333,4,nan
好怕羊角哥,3,nan
弹幕呢,1,nan
哈哈。挂啦。被洋娃娃挂了。,0,nan
好奇，为什么有钢锯不锯断门直接出去。。,4,nan
弹幕呢 高能君呢？,1,nan
哈哈啊哈,0,nan
弹幕呢！,1,nan
弹幕呢！,1,nan
好奇啊啊啊啊啊啊啊啊啊啊啊啊啊啊,4,nan
哈哈啊哈,0,nan
弹幕呢！,1,nan
弹幕呢！！,1,nan
好奇护身符,4,nan
弹幕呢！！！！！,1,nan
弹幕呢！！！！好少呀,1,nan
弹幕呢！！！晚上关灯看好可怕！！快来护体,1,nan
好奇护身符,4,nan
弹幕呢!我要弹幕!,1,nan
好奇结局,4,nan
哈哈啊哈哈哈哈,0,nan
弹幕呢，弹幕护体啊啊啊,1,nan
哈哈啊哈哈哈哈,0,nan
哈哈啊哈哈哈哈哈哈哈哈哈,0,nan
弹幕呢。。。,1,nan
弹幕呢。？,1,nan
哈哈啊哈哈哈哈哈哈哈哈哈哈哈哈哈哈哈哈哈哈哈,0,nan
还有两集大结局,4,nan
哈哈啊哈哈哈哈或,0,nan
好奇心,4,nan
好容易卡啊,4,nan
哈哈吧哈哈哈哈哈哈,0,nan
还有没有人啊,4,nan
好吓人,3,nan
弹幕呢？,1,nan
哈哈不痛不痒的 心如静水,0,nan
哈哈粉丝见面会,0,nan
弹幕呢？,1,nan
哈哈哈,0,nan
弹幕呢？,1,nan
好吓人,3,nan
弹幕呢？,1,nan
弹幕呢？,1,nan
哈哈哈,0,nan
好吓人,3,nan
哈哈哈,0,nan
还有七集，看一天了。快吐了,1,nan
还有人吗,4,nan
还有人吗,4,nan
哈哈哈,0,nan
弹幕呢？,1,nan
还有人吗,4,nan
好吓人,3,nan
好吓人...,3,nan
哈哈哈,0,nan
哈哈哈,0,nan
哈哈哈,0,nan
哈哈哈,0,nan
还有人吗,4,nan
哈哈哈,0,nan
哈哈哈,0,nan
哈哈哈,0,nan
哈哈哈,0,nan
弹幕呢？,1,nan
好吓人……,3,nan
好吓人啊,3,nan
弹幕呢？,1,nan
哈哈哈,0,nan
哈哈哈,0,nan
哈哈哈,0,nan
弹幕呢？,1,nan
好吓人啊(?▽?),3,nan
还有人吗,4,nan
弹幕呢？,1,nan
好吓人啊啊啊啊啊,3,nan
好吓人啊啊啊啊啊啊啊啊啊啊啊啊啊啊啊,3,nan
好吓人的设定,3,nan
哈哈哈,0,nan
弹幕呢？,1,nan
弹幕呢？,1,nan
哈哈哈,0,nan
弹幕呢？,1,nan
哈哈哈,0,nan
哈哈哈,0,nan
还有人吗,4,nan
还有人吗,4,nan
还有人吗,4,nan
哈哈哈,0,nan
哈哈哈,0,nan
弹幕呢？,1,nan
哈哈哈,0,nan
哈哈哈,0,nan
哈哈哈,0,nan
弹幕呢？,1,nan
好像变色了,4,nan
哈哈哈,0,nan
弹幕呢？,1,nan
哈哈哈,0,nan
哈哈哈,0,nan
好像混进了什么奇怪的东西,4,nan
哈哈哈,0,nan
弹幕呢？,1,nan
哈哈哈,0,nan
弹幕呢？,1,nan
哈哈哈,0,nan
哈哈哈,0,nan
哈哈哈,0,nan
好像迷宫啊,4,nan
弹幕呢？,1,nan
还有人吗,4,nan
弹幕呢？,1,nan
哈哈哈,0,nan
哈哈哈,0,nan
哈哈哈,0,nan
哈哈哈,0,nan
哈哈哈,0,nan
还有人吗,4,nan
好像是,4,nan
哈哈哈,0,nan
哈哈哈,0,nan
还有人吗。,4,nan
哈哈哈,0,nan
弹幕呢？,1,nan
弹幕呢？,1,nan
弹幕呢？！,1,nan
弹幕呢？！！！！！！,1,nan
弹幕呢？？,1,nan
哈哈哈,0,nan
哈哈哈,0,nan
弹幕呢？？？,1,nan
好像是山西人,4,nan
哈哈哈,0,nan
好像是小鸽哥爆炸啦,4,nan
哈哈哈,0,nan
哈哈哈,0,nan
还有人吗……,4,nan
弹幕呢？？？,1,nan
哈哈哈,0,nan
好像是有!,4,nan
弹幕呢？？？,1,nan
还有人没？,4,nan
弹幕呢？？？,1,nan
哈哈哈,0,nan
哈哈哈,0,nan
哈哈哈,0,nan
哈哈哈,0,nan
好像是在处女座的门里面,4,nan
哈哈哈,0,nan
哈哈哈,0,nan
好像是之前那个保险箱密码,4,nan
弹幕呢？？？,1,nan
弹幕呢？？？？,1,nan
好像有地图,4,nan
弹幕呢？？？？,1,nan
哈哈哈,0,nan
哈哈哈,0,nan
弹幕呢？？？？！,1,nan
哈哈哈,0,nan
哈哈哈,0,nan
好像有个护身符...没拿,4,nan
好像原来是有72个吧,4,nan
弹幕呢？？？？？,1,nan
还有三十秒,4,nan
弹幕呢？？？？？？,1,nan
哈哈哈,0,nan
哈哈哈,0,nan
哈哈哈,0,nan
哈哈哈,0,nan
哈哈哈,0,nan
弹幕呢？出来呀！,1,nan
弹幕呢？你们都去哪了，高能君在哪？,1,nan
好像在往下,4,nan
还有十几集呢,4,nan
哈哈哈,0,nan
哈哈哈,0,nan
还有我现在好晕,1,nan
哈哈哈,0,nan
弹幕呢？有人陪我看嘛,1,nan
弹幕呢……,1,nan
弹幕呢啊啊啊啊啊,1,nan
好远,4,nan
弹幕呢弹幕呢,1,nan
弹幕呢弹幕呢,1,nan
弹幕呢弹幕呢？？？,1,nan
哈哈哈,0,nan
哈哈哈,0,nan
哈哈哈,0,nan
哈哈哈,0,nan
好长啊,4,nan
哈哈哈,0,nan
哈哈哈,0,nan
喝口老鼠压压惊,4,nan
弹幕呢弹幕呢弹幕,1,nan
弹幕呢弹幕呢弹幕呢,1,nan
还有小姐姐一直在房子里等我们回来,4,nan
哈哈哈,0,nan
哈哈哈,0,nan
哈哈哈,0,nan
哈哈哈,0,nan
喝口硫酸压压惊,4,nan
弹幕呢弹幕呢弹幕呢弹幕呢弹幕呢弹幕呢弹幕呢弹幕呢弹幕呢弹幕呢弹幕呢弹幕呢弹幕呢弹幕呢弹幕呢啊啊啊啊啊啊啊啊啊啊啊啊啊啊啊啊啊啊啊啊啊啊啊啊啊啊啊啊啊啊啊啊啊啊啊啊啊啊啊啊啊啊啊啊啊啊啊啊啊啊啊啊啊,1,nan
喝口岩浆压压惊,4,nan
哈哈哈,0,nan
哈哈哈,0,nan
哈哈哈,0,nan
还有钥匙,4,nan
哈哈哈,0,nan
哈哈哈,0,nan
弹幕呢刷起来,1,nan
哈哈哈,0,nan
哈哈哈,0,nan
哈哈哈,0,nan
哈哈哈,0,nan
还有一半的进度条,4,nan
弹幕嫩,1,nan
弹幕能不能发多一点呀？,1,nan
弹幕能不能有点素质呀，一直问白米的性别，白米是男孩子是男孩!!!还有那些嫌白米吵得请你滚出去，这是实况，不是解说，你胆大就自己去玩呀，别一天到晚瞎逼逼,2,nan
弹幕你,4,nan
弹幕你们够了,4,nan
哈哈哈,0,nan
哈哈哈,0,nan
哈哈哈,0,nan
哈哈哈,0,nan
弹幕屏蔽开到1级就不怕了,4,nan
哈哈哈,0,nan
哈哈哈,0,nan
喝奶茶压压惊,4,nan
哈哈哈,0,nan
哈哈哈,0,nan
哈哈哈,0,nan
弹幕清了？,4,nan
哈哈哈,0,nan
弹幕请厚一点,4,nan
哈哈哈,0,nan
弹幕求保护啊,4,nan
弹幕去哪了,4,nan
弹幕全出来了,4,nan
喝奶路过,4,nan
弹幕人才hhh,4,nan
哈哈哈,0,nan
和比利好像！,4,nan
弹幕少了呀,4,nan
哈哈哈,0,nan
和朋友看恐怖片的即视感哈哈哈哈哈 没被电影吓到 被朋友尖叫吓到很多次,4,nan
哈哈哈,0,nan
弹幕少是因为大多数人选择缩小看……然后就没办法打字了,4,nan
哈哈哈,0,nan
弹幕是刘备高能君的,4,nan
弹幕是同步的嘛？,4,nan
哈哈哈,0,nan
弹幕刷起来,4,nan
弹幕刷起来,4,nan
和小姐姐发生什么?_?,4,nan
弹幕刷起来,4,nan
弹幕刷起来！,4,nan
弹幕刷起来，高能菌呢？！,4,nan
还有一个原因是我卡关了过不了呜呜呜呜,1,nan
哈哈哈,0,nan
哈哈哈,0,nan
哈哈哈,0,nan
还有一集就没了，好不舍,4,nan
还有一件事,4,nan
哈哈哈,0,nan
弹幕说话,4,nan
核能大爆炸,4,nan
弹幕说话嘤嘤嘤,4,nan
哈哈哈,0,nan
哈哈哈,0,nan
哈哈哈,0,nan
哈哈哈,0,nan
哈哈哈,0,nan
核能手电筒来了,4,nan
哈哈哈,0,nan
核能预警！！,4,nan
哈哈哈,0,nan
哈哈哈,0,nan
核能预警！！,4,nan
还在,4,nan
核能预警高能预警高能,4,nan
弹幕素质好低，不想看就走，想看的就留下，哪那么多事,2,nan
弹幕太少了！,4,nan
弹幕太少了啊啊啊啊啊啊啊啊！弹幕太少了啊啊啊啊啊啊啊啊啊啊啊！,1,nan
还在等水瓶座,4,nan
哈哈哈,0,nan
弹幕突然变少,1,nan
还在等水瓶座??,4,nan
弹幕突然变少了....,1,nan
弹幕我怀疑你们在打广告,4,nan
哈哈哈,0,nan
弹幕兄呢？,4,nan
哈哈哈,0,nan
弹幕演员早啊,4,nan
弹幕养肥了再看,4,nan
弹幕一堆自以为聪明的人，笑了,4,nan
哈哈哈,0,nan
哈哈哈,0,nan
弹幕一堆自以为聪明的愚蠢的人，我笑了,4,nan
盒？？？？？,4,nan
哈哈哈,0,nan
盒盒盒盒打脸来得太快了,4,nan
弹幕一群杠精........,2,nan
贺朝的符我拿来了，谁要告诉我,4,nan
黑阿妈,4,nan
弹幕亿多，必有高能。,4,nan
弹幕由我，撤硕儿老8来组成,4,nan
弹幕由我，撤硕儿老8来组成！,4,nan
孩子，你还有180多分钟的路要走，加油吧,4,nan
弹幕由我，撤硕儿老8来组成！,4,nan
黑的我都看不见了啊啊啊,3,nan
弹幕由我，撤硕儿老8来组成！,4,nan
弹幕由我，撤硕儿老8来组成！,4,nan
黑寡妇又来了,4,nan
孩子没了,4,nan
哈哈哈,0,nan
黑老妇来了,4,nan
孩子要疯了,4,nan
弹幕越来越少,1,nan
弹幕越来越少乐QAQ,1,nan
黑老妇要来了 23333,4,nan
哈哈哈,0,nan
哈哈哈,0,nan
哈哈哈,0,nan
哈哈哈,0,nan
黑了...,4,nan
哈哈哈,0,nan
哈哈哈,0,nan
哈哈哈,0,nan
哈哈哈,0,nan
哈哈哈,0,nan
哈哈哈,0,nan
哈哈哈,0,nan
哈哈哈,0,nan
哈哈哈,0,nan
哈哈哈,0,nan
哈哈哈,0,nan
哈哈哈,0,nan
哈哈哈,0,nan
哈哈哈,0,nan
哈哈哈,0,nan
哈哈哈,0,nan
黑色大影子是灯啊，宝贝,4,nan
黑衣男子让我想起了美国的还是英国的鸟嘴医生,4,nan
哈哈哈,0,nan
哈哈哈,0,nan
哈哈哈,0,nan
哈哈哈 代入感不错,0,nan
黑衣男子是隔壁老王,4,nan
弹幕咋就这么少呢,1,nan
很诡异,4,nan
害，雷狮是我的,4,nan
哈哈哈 还是害怕,0,nan
哈哈哈！,0,nan
哈哈哈(?ω?)hiahiahia,0,nan
弹幕咋没了,1,nan
弹幕在此，不害怕,4,nan
哈哈哈，白米好可爱呀，我要萌化了,0,nan
轰隆！,4,nan
哈哈哈，白米真的好可爱啊，我要萌化了,0,nan
哈哈哈，被攻略骗了,0,nan
哈哈哈，笨笨米,0,nan
弹幕在搞hs？,4,nan
哈哈哈，错了还行,0,nan
弹幕在哪,4,nan
哈哈哈，恶灵换电池。。。噗哈哈哈,0,nan
哈哈哈，好可爱啊,0,nan
哈哈哈，好了好了，不哭啊,0,nan
弹幕在哪里,4,nan
哈哈哈，米米好可爱～,0,nan
红色的那个小东西是电池,4,nan
哈哈哈，你又懂了,0,nan
弹幕在这，增加弹幕QAQ（害怕,1,nan
弹幕怎么少了,1,nan
哈哈哈，秦王走位,0,nan
弹幕怎么这么少,1,nan
哈哈哈，熟悉味道,0,nan
害怕胆小又无助。,1,nan
哈哈哈，王德发是谁,0,nan
哈哈哈，忘了,0,nan
哈哈哈，笑死我了,0,nan
哈哈哈，在白米尖叫时用0.5倍速太好玩了,0,nan
哈哈哈，直面死亡了,0,nan
哈哈哈，作死米米,0,nan
哈哈哈0.5倍新世界,0,nan
哈哈哈23333333333,0,nan
哈哈哈nice,0,nan
哈哈哈wake up 个屁,0,nan
弹幕怎么这么少,1,nan
弹幕长点，我怕,1,nan
哈哈哈啊,0,nan
红色的是电池！,4,nan
弹幕这么少呀,1,nan
弹幕这一顿秀啊，我以为马上炒鸡高能呢,4,nan
哈哈哈啊啊啊小哥哥我错了,0,nan
弹幕真的好少。。。,1,nan
红色的是手电筒电池,4,nan
害怕我的的嘛,1,nan
弹幕真烦,2,nan
弹幕真少,1,nan
哈哈哈啊哈哈,0,nan
红色电池捡一下,4,nan
哈哈哈啊哈哈,0,nan
哈哈哈啊哈哈哈哈哈,0,nan
哈哈哈巴拉拉能量电池退散,0,nan
弹幕走一波,4,nan
红色高能君已被米米吓死,4,nan
后来仔细看了下攻略想起来了,4,nan
蛋白质比牛肉还高,4,nan
害怕嘤嘤嘤,1,nan
害怕折的是你正跑着呢，突然一扭头，,4,nan
哈哈哈把头放火里 ,0,nan
蛋白质的是魔鬼吧,4,nan
蛋白质是牛肉的三倍,4,nan
哈哈哈贝爷的天堂,0,nan
彈幕呢 ,4,nan
哈哈哈变流畅,0,nan
当    场    趋    势,4,nan
哈哈哈弹幕护体！！！,0,nan
哈哈哈底气十足,0,nan
后面？,4,nan
当归在吗,4,nan
当面换电池嘲讽小姐姐,4,nan
当然不是啊,4,nan
后面的时候会进入幻境的，幻境里的小姐姐……吓人，因为安全屋不起作用,4,nan
哈哈哈隔,0,nan
后面还有更可怕的,4,nan
后面米米越来越攻,4,nan
哈哈哈嗝,0,nan
哈哈哈嗝,0,nan
当腿毛,4,nan
挡早了,4,nan
后面挺入的是魔鬼吗,4,nan
哈哈哈鬼畜,0,nan
哈哈哈鬼都没杀死你居然自己摔死了,0,nan
哈哈哈哈,0,nan
哈哈哈哈,0,nan
呼叫高能君啊啊啊啊啊,4,nan
呼叫高能君保护！！！,4,nan
含着口水打呼噜,4,nan
哈哈哈哈,0,nan
哈哈哈哈,0,nan
呼嚕呼嚕毛，嚇不著,4,nan
汗滴禾下土,4,nan
哈哈哈哈,0,nan
哈哈哈哈,0,nan
忽然发现两个小哥哥音乐好像不一样,4,nan
哈哈哈哈,0,nan
哈哈哈哈,0,nan
嚎得我脑仁疼，本来不吓人，一叫吓死人,1,nan
哈哈哈哈,0,nan
忽然一片什么,4,nan
忽闻水上琵琶声,4,nan
哈哈哈哈,0,nan
哈哈哈哈,0,nan
忽闻水上琵琶声,4,nan
好吧我什么都没看见。。,4,nan
哈哈哈哈,0,nan
忽闻小姐踏歌声，,4,nan
好惨,4,nan
哈哈哈哈,0,nan
哈哈哈哈,0,nan
哈哈哈哈,0,nan
哈哈哈哈,0,nan
哈哈哈哈,0,nan
哈哈哈哈,0,nan
哈哈哈哈,0,nan
哈哈哈哈,0,nan
哈哈哈哈,0,nan
好惨233333,4,nan
虎躯一震,3,nan
哈哈哈哈,0,nan
哈哈哈哈,0,nan
哈哈哈哈,0,nan
哈哈哈哈,0,nan
虎躯一震,3,nan
导弹发射井,4,nan
哈哈哈哈,0,nan
哈哈哈哈,0,nan
哈哈哈哈,0,nan
哈哈哈哈,0,nan
好惨一白米,4,nan
哈哈哈哈,0,nan
虎躯一震,3,nan
导弹发射井,4,nan
哈哈哈哈,0,nan
到处都是锁,4,nan
哈哈哈哈,0,nan
哈哈哈哈,0,nan
哈哈哈哈,0,nan
哈哈哈哈,0,nan
哈哈哈哈,0,nan
虎躯一震+1,3,nan
到底男的女的！我一个新手好懵逼啊,4,nan
到底男的女的啊,4,nan
到底啥时候高能啊wcao！！！！！,4,nan
到底啥时候狮子,4,nan
到底是哪个地方……,4,nan
哈哈哈哈,0,nan
好淡定啊,4,nan
到底是哪个啥？,4,nan
哈哈哈哈,0,nan
到底是人性的扭曲，还是道德的沦丧,4,nan
哈哈哈哈,0,nan
好多密码和钥匙,4,nan
好多鱼，作为同类的鱼感叹道。,4,nan
好多只,4,nan
到底有多少地下室,4,nan
到后面大战要用很多护身符，白米留着呢,4,nan
哈哈哈哈,0,nan
到了婴儿房有高能,4,nan
哈哈哈哈,0,nan
哈哈哈哈,0,nan
哈哈哈哈,0,nan
好慌,1,nan
哈哈哈哈,0,nan
哈哈哈哈,0,nan
到这块是换人物了,4,nan
哈哈哈哈,0,nan
好慌,1,nan
虎軀一震,3,nan
护身符？？？？,4,nan
护身符？原来我的作用是驱魔呀，我都忘了,4,nan
护身符bug恢复了？,4,nan
哈哈哈哈,0,nan
哈哈哈哈,0,nan
哈哈哈哈,0,nan
到最后一关可是要求记住所有火炉的位置的啊,4,nan
护身符啊！,4,nan
哈哈哈哈,0,nan
哈哈哈哈,0,nan
倒放,4,nan
倒回来走不行吗,4,nan
倒霉孩子你被绿了,4,nan
护身符啊！,4,nan
哈哈哈哈,0,nan
哈哈哈哈,0,nan
护身符回来了,4,nan
护身符回来了？！,4,nan
护身符留着打最后一关,4,nan
哈哈哈哈,0,nan
哈哈哈哈,0,nan
好慌,1,nan
哈哈哈哈,0,nan
哈哈哈哈,0,nan
哈哈哈哈,0,nan
哈哈哈哈,0,nan
好慌,1,nan
哈哈哈哈,0,nan
哈哈哈哈,0,nan
哈哈哈哈,0,nan
哈哈哈哈,0,nan
哈哈哈哈,0,nan
哈哈哈哈,0,nan
好慌,1,nan
倒叙,4,nan
倒着走,4,nan
倒着走,4,nan
护身符莫名多了一个,4,nan
好慌啊,1,nan
倒着走啊,4,nan
盗墓笔记,4,nan
盗墓护体大幕护体,4,nan
得罪了方丈还想走,4,nan
哈哈哈哈,0,nan
地♂牢master,4,nan
哈哈哈哈,0,nan
好慌啊我,1,nan
地爆天星,4,nan
哈哈哈哈,0,nan
哈哈哈哈,0,nan
哈哈哈哈,0,nan
哈哈哈哈,0,nan
哈哈哈哈,0,nan
地牢,4,nan
哈哈哈哈,0,nan
地牢♂,4,nan
哈哈哈哈,0,nan
地牢p,4,nan
哈哈哈哈,0,nan
哈哈哈哈,0,nan
护身符呢？不还有一个呢吗？,4,nan
地牢恶魔那里还有一个羊角,4,nan
哈哈哈哈,0,nan
哈哈哈哈,0,nan
地牢五神器,4,nan
哈哈哈哈,0,nan
护身符是bug,4,nan
地理老师没告诉你吗海拔高的话有些人是会缺氧的，傻米果然,4,nan
哈哈哈哈,0,nan
哈哈哈哈,0,nan
哈哈哈哈,0,nan
地球人,4,nan
地上有电池为什么不捡呢,4,nan
地铁老人看手机,4,nan
哈哈哈哈,0,nan
地图？,4,nan
地图不是这些想法了啊,4,nan
哈哈哈哈,0,nan
哈哈哈哈,0,nan
哈哈哈哈,0,nan
哈哈哈哈,0,nan
哈哈哈哈,0,nan
护身符是不是之前他挥了一下  然后就用掉了,4,nan
地图都已经刻在你的灵魂之中了,4,nan
哈哈哈哈,0,nan
哈哈哈哈,0,nan
哈哈哈哈,0,nan
地图房间不是这些转圈想法了啊,4,nan
哈哈哈哈,0,nan
哈哈哈哈,0,nan
护身符吓我一跳,4,nan
好寂寞,1,nan
护身符又变成了4个，刚才还是3个,4,nan
好紧张,1,nan
哈哈哈哈,0,nan
哈哈哈哈,0,nan
哈哈哈哈,0,nan
哈哈哈哈,0,nan
地图能把我弄疯,4,nan
哈哈哈哈,0,nan
哈哈哈哈,0,nan
地图太大了。。,4,nan
地图在大门那里,4,nan
护身符又回来了,4,nan
好紧张,1,nan
好紧张,1,nan
地下监狱嘛。。。。,4,nan
哈哈哈哈,0,nan
地下空气稀薄，缺氧了,4,nan
哈哈哈哈,0,nan
地下商城，衣服模特？,4,nan
哈哈哈哈,0,nan
哈哈哈哈,0,nan
哈哈哈哈,0,nan
哈哈哈哈,0,nan
护身符在boss战中消耗很大吧,4,nan
地下十八層,4,nan
地下十八楼,4,nan
地下室,4,nan
哈哈哈哈,0,nan
哈哈哈哈,0,nan
哈哈哈哈  好可爱,0,nan
地下室,4,nan
哈哈哈哈 断线钳给我剪 好可爱啊,0,nan
哈哈哈哈！,0,nan
地下室，撒旦恶魔那边吧,4,nan
地下室啊,4,nan
地下室的地下室,4,nan
地下室开手电羊角哥找你玩,4,nan
护身符在召唤,4,nan
护身符怎么变三个了？,4,nan
护身符怎么变少了？！,4,nan
护身符怎么回来了,4,nan
地下室那个烧了有钥匙么？,4,nan
地下室也很大,4,nan
地狱之手？,4,nan
好紧张,1,nan
哈哈哈哈，不行了,0,nan
哈哈哈哈，感觉白米跟c君就完全不同风格，一个男的萌，一个女的猛,0,nan
灯晃警告,4,nan
哈哈哈哈，记得收藏哈,0,nan
灯是范围。手电筒想照哪就照哪,4,nan
哈哈哈哈，来吧高能,0,nan
哈哈哈哈，死之前看到了,0,nan
哈哈哈哈，我80,0,nan
哈哈哈哈，我无情的笑了,0,nan
护身符怎么老在变啊,4,nan
哈哈哈哈，我笑死了，他在弯腰,0,nan
护身符怎么少了一个啊,4,nan
护身符只有一个了？？！！！！,4,nan
哈哈哈哈，小本本,0,nan
护体,3,nan
哈哈哈哈，笑死我了哈哈哈哈哈哈,0,nan
好紧张啊，弹幕越来越少了,1,nan
"哈哈哈哈,有被笑到",0,nan
好紧张啊啊,1,nan
灯下黑,4,nan
哈哈哈哈jio得好好笑,0,nan
哈哈哈哈wc好红红火火恍恍惚惚,0,nan
哈哈哈哈啊哈哈,0,nan
灯有电线啊 我去你几岁啊前面_(:з」∠)_额,4,nan
护体,3,nan
好紧张好紧张好紧张,1,nan
哈哈哈哈啊哈哈,0,nan
蹬鼻子上脸？,4,nan
哈哈哈哈啊哈哈,0,nan
等up打脸,4,nan
哈哈哈哈啊哈哈哈 米米太可爱,0,nan
哈哈哈哈啊哈哈哈哈哈,0,nan
哈哈哈哈啊哈哈哈哈哈棒棒,0,nan
护体,3,nan
等到问题大了就拉了…,4,nan
哈哈哈哈啊哈哈哈哈哈电脑全屏的,0,nan
哈哈哈哈啊哈哈红字君被吓了h,0,nan
等等，他当初是怎么进来的,4,nan
好緊張,1,nan
哈哈哈哈抱抱 不哭,0,nan
哈哈哈哈变音,0,nan
等等，这个BGM好像是伟大的卫国战争BGM——the bIg action,4,nan
好久不见,4,nan
哈哈哈哈吃鸡吗,0,nan
护体,3,nan
哈哈哈哈等着打脸了 一定要冷静理智啊米米,0,nan
哈哈哈哈懂米,0,nan
等你摔伤了你再想这句话,4,nan
哈哈哈哈嗝,0,nan
好久不见049,4,nan
好久没哭了,4,nan
哈哈哈哈嗝儿,0,nan
哈哈哈哈逛房间逛怕了,0,nan
等什么呢，0.5冲呀,4,nan
等声音消失了就可以走了,4,nan
等死..,4,nan
哈哈哈哈哈,0,nan
哈哈哈哈哈,0,nan
好绝情，好冷酷，好无理取闹,4,nan
哈哈哈哈哈,0,nan
哈哈哈哈哈,0,nan
好卡啊,1,nan
护体,3,nan
哈哈哈哈哈,0,nan
哈哈哈哈哈,0,nan
护体,3,nan
哈哈哈哈哈,0,nan
护体,3,nan
等下会不会男女混合双打???,4,nan
好可怜,1,nan
好可怜,1,nan
哈哈哈哈哈,0,nan
哈哈哈哈哈,0,nan
护体,3,nan
等下你就不是这么说的了,4,nan
护体,3,nan
哈哈哈哈哈,0,nan
哈哈哈哈哈,0,nan
等一下看门后高能嚛。?,4,nan
护体,3,nan
哈哈哈哈哈,0,nan
护体,3,nan
哈哈哈哈哈,0,nan
好可怜,1,nan
等一下羊角呢,4,nan
哈哈哈哈哈,0,nan
哈哈哈哈哈,0,nan
护体,3,nan
低能,4,nan
哈哈哈哈哈,0,nan
护体,3,nan
低配c菌,4,nan
弟弟什么鬼d(?д??),4,nan
护体,3,nan
哈哈哈哈哈,0,nan
第八集的开头为什么和第八集的结尾为什么不一样呢,1,nan
哈哈哈哈哈,0,nan
护体,3,nan
哈哈哈哈哈,0,nan
哈哈哈哈哈,0,nan
好可怜啊,1,nan
第八集的开头为什么和第七集不一样呢？？？？？？？？,1,nan
哈哈哈哈哈,0,nan
第八门死门开！,4,nan
第二p了..手电筒都还没找到,4,nan
哈哈哈哈哈,0,nan
护体,3,nan
哈哈哈哈哈,0,nan
第二遍,4,nan
第二刷,4,nan
哈哈哈哈哈,0,nan
哈哈哈哈哈,0,nan
第几不玩了,4,nan
好可怜啊,1,nan
护体,3,nan
第几次说这句话了？,4,nan
哈哈哈哈哈,0,nan
哈哈哈哈哈,0,nan
哈哈哈哈哈,0,nan
好可怜啊,1,nan
哈哈哈哈哈,0,nan
哈哈哈哈哈,0,nan
护体,3,nan
第九个die,4,nan
好可怜啊，心疼你了,1,nan
护体,3,nan
哈哈哈哈哈,0,nan
哈哈哈哈哈,0,nan
第六来的,4,nan
第三个，书烧了,4,nan
哈哈哈哈哈,0,nan
哈哈哈哈哈,0,nan
第三个白布高能。,4,nan
好可惜不看好开心啊保护卡超大吧金卡先不打小把戏好吗都不卡熟悉,4,nan
护体,3,nan
护体,3,nan
哈哈哈哈哈,0,nan
第三個白布高能,4,nan
好困,1,nan
好困啊,1,nan
哈哈哈哈哈,0,nan
哈哈哈哈哈,0,nan
第十三个星座,4,nan
哈哈哈哈哈,0,nan
第四个布里面有高能,4,nan
哈哈哈哈哈,0,nan
护体,3,nan
哈哈哈哈哈,0,nan
哈哈哈哈哈,0,nan
护体,3,nan
护体,3,nan
第五个奖章应该有高能吧,4,nan
哈哈哈哈哈,0,nan
哈哈哈哈哈,0,nan
哈哈哈哈哈,0,nan
哈哈哈哈哈,0,nan
哈哈哈哈哈,0,nan
第五个神器好像是个火把,4,nan
好困啊呜呜,1,nan
好阔怕，嘤嘤嘤嘤嘤嘤嘤嘤嘤,1,nan
哈哈哈哈哈,0,nan
哈哈哈哈哈,0,nan
哈哈哈哈哈,0,nan
哈哈哈哈哈,0,nan
哈哈哈哈哈,0,nan
护体,3,nan
哈哈哈哈哈,0,nan
第五个神器是女鬼的尸体,4,nan
第五个神器是女鬼的尸体,4,nan
第五个尸体神器就在下面,4,nan
护体,3,nan
哈哈哈哈哈,0,nan
哈哈哈哈哈,0,nan
护体,3,nan
哈哈哈哈哈,0,nan
哈哈哈哈哈,0,nan
护体,3,nan
好了没！！！闭眼打字中,4,nan
哈哈哈哈哈,0,nan
哈哈哈哈哈,0,nan
护体,3,nan
护体,3,nan
好慢,4,nan
哈哈哈哈哈,0,nan
哈哈哈哈哈,0,nan
护体,3,nan
第一遍看剧情，第二遍听背景音乐，第三遍听米叫,4,nan
哈哈哈哈哈,0,nan
哈哈哈哈哈,0,nan
护体,3,nan
第一次觉得政治网课很好,4,nan
第一个弹幕！,4,nan
第一个就是天蝎,4,nan
护体,3,nan
哈哈哈哈哈,0,nan
第一个是开头探险员手持的,4,nan
哈哈哈哈哈,0,nan
第一个是人脸吗,4,nan
护体,3,nan
护体,3,nan
护体   护体,3,nan
好慢啊,4,nan
哈哈哈哈哈,0,nan
典型的白米行为,4,nan
哈哈哈哈哈,0,nan
哈哈哈哈哈,0,nan
哈哈哈哈哈,0,nan
哈哈哈哈哈,0,nan
哈哈哈哈哈,0,nan
哈哈哈哈哈,0,nan
哈哈哈哈哈,0,nan
哈哈哈哈哈,0,nan
哈哈哈哈哈,0,nan
护体！,3,nan
哈哈哈哈哈,0,nan
点灯？？、,4,nan
哈哈哈哈哈,0,nan
哈哈哈哈哈,0,nan
哈哈哈哈哈,0,nan
哈哈哈哈哈,0,nan
哈哈哈哈哈,0,nan
护体！,3,nan
护体！！！！！！,3,nan
哈哈哈哈哈,0,nan
哈哈哈哈哈,0,nan
哈哈哈哈哈,0,nan
哈哈哈哈哈,0,nan
护体！！！！！！！！！,3,nan
哈哈哈哈哈,0,nan
电池啊啊,4,nan
哈哈哈哈哈,0,nan
哈哈哈哈哈,0,nan
哈哈哈哈哈,0,nan
电池啊崽,4,nan
哈哈哈哈哈,0,nan
哈哈哈哈哈,0,nan
好模糊,4,nan
好难a,1,nan
电池吧,4,nan
哈哈哈哈哈,0,nan
哈哈哈哈哈,0,nan
护体！！！！！！！！！！！,3,nan
电池吧,4,nan
哈哈哈哈哈,0,nan
哈哈哈哈哈,0,nan
好难啊我天,1,nan
电池不拿么？？？,4,nan
电池房,4,nan
哈哈哈哈哈,0,nan
护体！！！！！！！！！！！！！！！！！！！！！！,3,nan
哈哈哈哈哈,0,nan
哈哈哈哈哈,0,nan
哈哈哈哈哈,0,nan
哈哈哈哈哈     虚晃,0,nan
电池房,4,nan
哈哈哈哈哈  怪不服  反手给你一爪子,0,nan
电池好像还是不耗电的,4,nan
电池批发商,4,nan
电池无限？？？？,4,nan
护体！！！！！！！！！！！！！！！！！！！！！！！！,3,nan
护体！！！！！！！！！！！！！！！！！！！！！！！！！！！！！！！！！！！！！！！！！！！！！！！,3,nan
哈哈哈哈哈 白米好可爱,0,nan
哈哈哈哈哈 对不起 我不厚道的笑了,0,nan
哈哈哈哈哈 自己锁自己,0,nan
电池无限了？,4,nan
电池无限你在梦里。,4,nan
电池这么多，又有洋娃娃？？,4,nan
电磁拿满五个不能再拿了,4,nan
哈哈哈哈哈！！笑死我了！！,0,nan
电光耗子,4,nan
哈哈哈哈哈！米米每次都在结尾被吓哭！不过我每次被吓，都被哭声弄笑哈哈哈哈哈,0,nan
哈哈哈哈哈，白米好可爱啊,0,nan
哈哈哈哈哈，抱抱你,0,nan
哈哈哈哈哈，被白米笑到,0,nan
护体！！！！！！！！！！！！！！！！！！！！！！！！！！！！！！！！！！！！！！！！！！！！！！！！！！！！！！！！！！！！！！！！！！！！,3,nan
哈哈哈哈哈，红红火火恍恍惚惚,0,nan
哈哈哈哈哈，男主话都不说了,0,nan
哈哈哈哈哈，千手观音,0,nan
哈哈哈哈哈，太可爱了,0,nan
哈哈哈哈哈，太可爱了，想……,0,nan
哈哈哈哈哈，我真的大晚上笑出猪叫,0,nan
电锯?,4,nan
哈哈哈哈哈，吓sky人,0,nan
护体！！！！！！！！！！！！！！！！！！！！！！！！！！！！！！！！！！！！！！！！！！！！！！！！！！！！！！！！！！！！！！！！！！！！！！！！！,3,nan
护体，护体,3,nan
哈哈哈哈哈，吓到没有颜色,0,nan
电锯？！,4,nan
电量配偶 ,4,nan
电量配偶，我15,4,nan
电脑党丝毫不慌,4,nan
哈哈哈哈哈，笑没了,0,nan
好难那怎么弄,1,nan
哈哈哈哈哈，心疼你一秒,0,nan
哈哈哈哈哈，因为系统不让,0,nan
电脑看好一点手机太暗了,4,nan
电脑看加一,4,nan
哈哈哈哈哈，嘴快暴露了,0,nan
电视?,4,nan
哈哈哈哈哈\,0,nan
哈哈哈哈哈up真可爱,0,nan
好难受啊,1,nan
护体啊啊啊啊啊啊啊啊啊啊啊啊啊啊啊啊啊啊啊啊啊啊啊啊啊啊,3,nan
好巧我也心态崩了,1,nan
哈哈哈哈哈wake up个屁啊他都不行了,0,nan
哈哈哈哈哈啊哈,0,nan
好傻,4,nan
护体啊啊啊啊啊啊啊啊啊啊啊啊啊啊啊啊啊啊啊啊啊啊啊啊啊啊啊啊啊啊啊啊啊啊啊啊啊啊啊啊啊啊,3,nan
哈哈哈哈哈啊哈哈哈哈不舍的确+1,0,nan
哈哈哈哈哈把我姨妈都笑出来了操,0,nan
好傻,4,nan
哈哈哈哈哈白米叫我在笑 对不起啊宝贝,0,nan
哈哈哈哈哈白米一叫我就想笑,0,nan
哈哈哈哈哈百米可爱,0,nan
哈哈哈哈哈抱抱,0,nan
好少,4,nan
好少人,4,nan
护体啊啊啊啊啊啊啊啊啊啊啊啊啊啊啊啊啊啊啊啊啊啊啊啊啊啊啊啊啊啊啊啊弹幕护体弹幕护体弹幕护体弹幕护体弹幕护体弹幕护体啊啊啊啊啊啊啊啊啊啊啊啊啊啊啊啊啊啊啊啊啊弹幕护体弹幕护体弹幕护体弹幕护体啊啊啊啊啊,3,nan
哈哈哈哈哈不皮了,0,nan
好舍不得呀 大结局了！,1,nan
哈哈哈哈哈从头笑到尾,0,nan
电子竞技不需要视力,4,nan
哈哈哈哈哈感觉在作死,0,nan
哈哈哈哈哈嗝，好秃然,0,nan
哈哈哈哈哈嗝儿，up主太可爱了，好下饭！,0,nan
护体弹幕,3,nan
哈哈哈哈哈供电局那个我差点就信了,0,nan
哈哈哈哈哈哈,0,nan
哈哈哈哈哈哈,0,nan
钓鱼执法,4,nan
哈哈哈哈哈哈,0,nan
哈哈哈哈哈哈,0,nan
调时间！,4,nan
哈哈哈哈哈哈,0,nan
哈哈哈哈哈哈,0,nan
哈哈哈哈哈哈,0,nan
调戏字幕,4,nan
哈哈哈哈哈哈,0,nan
调小音量,4,nan
护体弹幕由我组成,3,nan
哈哈哈哈哈哈,0,nan
哈哈哈哈哈哈,0,nan
哈哈哈哈哈哈,0,nan
哈哈哈哈哈哈,0,nan
好似一个嘤嘤怪,4,nan
哈哈哈哈哈哈,0,nan
调一下鼠标灵敏度啊。。。。。看着好难受，晕乎乎,1,nan
哈哈哈哈哈哈,0,nan
调钟啊,4,nan
掉san了吧,1,nan
好受啊,4,nan
掉帧？,1,nan
哈哈哈哈哈哈,0,nan
哈哈哈哈哈哈,0,nan
哈哈哈哈哈哈,0,nan
哈哈哈哈哈哈,0,nan
爹地？？？？？,4,nan
爹的？,4,nan
护体护体,3,nan
护体护体,3,nan
好受啊,4,nan
护体护体,3,nan
护体护体,3,nan
好受啊啊啊啊啊啊啊,4,nan
护体护体,3,nan
哈哈哈哈哈哈,0,nan
好瘦（受），好阔奈,4,nan
护体护体,3,nan
哈哈哈哈哈哈,0,nan
叠词词，恶心心（狗头）,4,nan
叠字有时候觉得挺作的，但是嘛还是要看人,4,nan
钉钉时期前来考古,4,nan
护体护体,3,nan
护体护体,3,nan
哈哈哈哈哈哈,0,nan
哈哈哈哈哈哈,0,nan
哈哈哈哈哈哈,0,nan
哈哈哈哈哈哈,0,nan
护体护体 (╥﹏╥),3,nan
哈哈哈哈哈哈,0,nan
哈哈哈哈哈哈,0,nan
哈哈哈哈哈哈,0,nan
哈哈哈哈哈哈,0,nan
哈哈哈哈哈哈,0,nan
好熟悉啊，我知道了！,4,nan
东北大学就有这样的厕所,4,nan
哈哈哈哈哈哈,0,nan
哈哈哈哈哈哈,0,nan
东北澡堂大爷给您搓个背,4,nan
哈哈哈哈哈哈,0,nan
东南角点蜡烛 职业素养,4,nan
东西都是,4,nan
懂,4,nan
哈哈哈哈哈哈,0,nan
哈哈哈哈哈哈,0,nan
护体护体！,3,nan
哈哈哈哈哈哈,0,nan
哈哈哈哈哈哈,0,nan
哈哈哈哈哈哈,0,nan
好熟悉的哭声，已经好长时间没有听见了，好违和,4,nan
懂得都懂,4,nan
懂得有点慢,4,nan
哈哈哈哈哈哈,0,nan
护体护体弹幕弹幕弹幕护体护体弹幕护体弹幕护体弹幕护体护体护体我们去,3,nan
好委屈,4,nan
哈哈哈哈哈哈,0,nan
哈哈哈哈哈哈,0,nan
护体护体弹幕护体弹幕护体弹幕护体弹幕护体弹幕护体弹幕护体弹幕护体弹幕护体弹幕护体弹幕护体弹幕护体弹幕护体弹幕护体弹幕护体弹幕护体护体,3,nan
护体护体护体,3,nan
懂了,4,nan
哈哈哈哈哈哈,0,nan
哈哈哈哈哈哈,0,nan
懂了,4,nan
护体护体护体,3,nan
哈哈哈哈哈哈,0,nan
懂了,4,nan
懂了,4,nan
懂了,4,nan
好想抱抱的哭声,4,nan
懂了,4,nan
哈哈哈哈哈哈,0,nan
好想吐,4,nan
好想知道摔下去会怎么样,4,nan
护体护体护体,3,nan
懂了,4,nan
好像发早了,4,nan
懂了,4,nan
哈哈哈哈哈哈,0,nan
好像还有个阁楼没去,4,nan
哈哈哈哈哈哈,0,nan
懂了,4,nan
护体护体护体,3,nan
懂了,4,nan
懂了,4,nan
哈哈哈哈哈哈,0,nan
懂了,4,nan
护体护体护体,3,nan
懂了,4,nan
懂了,4,nan
哈哈哈哈哈哈,0,nan
哈哈哈哈哈哈,0,nan
好像好多水瓶座呢,4,nan
懂了,4,nan
哈哈哈哈哈哈,0,nan
哈哈哈哈哈哈,0,nan
哈哈哈哈哈哈,0,nan
哈哈哈哈哈哈,0,nan
护体护体护体,3,nan
哈哈哈哈哈哈,0,nan
懂了,4,nan
懂了,4,nan
懂了,4,nan
护体护体护体,3,nan
懂了 问题不大,4,nan
懂了！,4,nan
哈哈哈哈哈哈,0,nan
懂了，笔仙玩法,4,nan
懂了...,4,nan
护体护体护体,3,nan
哈哈哈哈哈哈,0,nan
哈哈哈哈哈哈,0,nan
哈哈哈哈哈哈,0,nan
哈哈哈哈哈哈,0,nan
哈哈哈哈哈哈,0,nan
护体护体护体,3,nan
懂了。,4,nan
懂了…,4,nan
哈哈哈哈哈哈,0,nan
护体护体护体,3,nan
好像很容易迷路,4,nan
护体护体护体,3,nan
懂米从来不屑于关门,4,nan
哈哈哈哈哈哈,0,nan
哈哈哈哈哈哈,0,nan
懂米上线？,4,nan
懂米什么都懂,4,nan
懂米又懂了,4,nan
哈哈哈哈哈哈,0,nan
哈哈哈哈哈哈,0,nan
懂米又懂了,4,nan
好像没有吧,4,nan
哈哈哈哈哈哈,0,nan
懂啥了？,4,nan
哈哈哈哈哈哈,0,nan
懂王白米,4,nan
哈哈哈哈哈哈,0,nan
懂王都没你懂,4,nan
哈哈哈哈哈哈,0,nan
哈哈哈哈哈哈,0,nan
好像哪天上的月弯弯,4,nan
哈哈哈哈哈哈,0,nan
动次打次,4,nan
哈哈哈哈哈哈,0,nan
动作不一样？,4,nan
护体护体护体,3,nan
哈哈哈哈哈哈,0,nan
哈哈哈哈哈哈,0,nan
护体护体护体啊啊啊啊啊啊啊啊啊啊啊啊啊啊啊啊啊啊啊啊啊啊啊啊啊啊啊啊啊啊啊啊啊啊啊啊啊啊啊啊啊啊啊啊啊啊啊啊啊啊啊啊啊啊啊啊,3,nan
哈哈哈哈哈哈,0,nan
哈哈哈哈哈哈,0,nan
哈哈哈哈哈哈,0,nan
护体护体护体啊啊啊啊啊啊啊啊啊啊啊啊啊啊啊啊啊啊啊啊啊啊啊啊啊啊啊啊看我看我,3,nan
哈哈哈哈哈哈,0,nan
哈哈哈哈哈哈,0,nan
哈哈哈哈哈哈,0,nan
护体护体护体护体,3,nan
哈哈哈哈哈哈,0,nan
洞,4,nan
哈哈哈哈哈哈,0,nan
哈哈哈哈哈哈,0,nan
哈哈哈哈哈哈,0,nan
都TM服了节目效果这么高？,4,nan
都被你圈养在上面了hhhhhh,4,nan
哈哈哈哈哈哈,0,nan
哈哈哈哈哈哈,0,nan
都不用护身符啊,4,nan
哈哈哈哈哈哈,0,nan
哈哈哈哈哈哈,0,nan
哈哈哈哈哈哈,0,nan
都发下弹幕好不好。。。。,4,nan
哈哈哈哈哈哈,0,nan
都给我面壁去,4,nan
好像突然近视了,4,nan
哈哈哈哈哈哈,0,nan
哈哈哈哈哈哈,0,nan
都没弹幕了吗,4,nan
好像吐！啊！,1,nan
哈哈哈哈哈哈,0,nan
哈哈哈哈哈哈,0,nan
都没有人看了吗,4,nan
护体护体护体护体,3,nan
哈哈哈哈哈哈,0,nan
都让你不要开灯了,4,nan
哈哈哈哈哈哈,0,nan
护体护体护体护体,3,nan
哈哈哈哈哈哈,0,nan
都杀了你几回了只不过你能重头来,4,nan
好心疼。,1,nan
都是被你吓的，游戏还没你叫的恐怖,4,nan
护体护体护体护体,3,nan
护体护体护体护体！！！！！,3,nan
哈哈哈哈哈哈,0,nan
哈哈哈哈哈哈,0,nan
护体护体护体护体啊啊啊啊啊啊啊啊啊啊啊啊啊啊啊啊啊啊啊啊啊啊啊啊啊啊啊啊啊啊啊啊啊啊啊啊啊啊啊啊啊啊啊啊啊啊啊啊啊啊啊啊啊啊啊啊啊啊啊啊啊啊啊wsl啊啊啊啊啊啊啊啊啊啊啊啊啊啊啊啊啊啊啊啊,3,nan
护体护体护体护体护体,3,nan
都是肠子,4,nan
哈哈哈哈哈哈,0,nan
好心疼白米呀！ 哈哈哈哈,4,nan
哈哈哈哈哈哈,0,nan
哈哈哈哈哈哈,0,nan
哈哈哈哈哈哈,0,nan
哈哈哈哈哈哈,0,nan
哈哈哈哈哈哈,0,nan
哈哈哈哈哈哈,0,nan
都是虚晃,4,nan
哈哈哈哈哈哈,0,nan
都是虚晃,4,nan
好虚,4,nan
都是虚晃,4,nan
哈哈哈哈哈哈,0,nan
好压抑啊,4,nan
哈哈哈哈哈哈,0,nan
都是虚晃,4,nan
都是虚晃,4,nan
都是虚晃,4,nan
哈哈哈哈哈哈,0,nan
哈哈哈哈哈哈,0,nan
都是徐晃,4,nan
哈哈哈哈哈哈,0,nan
哈哈哈哈哈哈,0,nan
哈哈哈哈哈哈 ,0,nan
哈哈哈哈哈哈 好可爱啊米米,0,nan
哈哈哈哈哈哈(?ω?)hiahiahia ,0,nan
都是徐晃。,4,nan
都是徐晃的错,4,nan
护体护体护体护体护体,3,nan
哈哈哈哈哈哈，对！瓜皮,0,nan
都是一场谎言。,4,nan
哈哈哈哈哈哈，好可爱,0,nan
都说了出来不用关门,4,nan
护体护体护体护体护体,3,nan
护体护体护体护体护体,3,nan
护体护体护体护体护体,3,nan
哈哈哈哈哈哈，没事没事,0,nan
哈哈哈哈哈哈，你完了,0,nan
哈哈哈哈哈哈，忍不住想笑,0,nan
哈哈哈哈哈哈，我就知道，回头必有高能,0,nan
哈哈哈哈哈哈？,0,nan
哈哈哈哈哈哈dbq好想笑,0,nan
哈哈哈哈哈哈hi,0,nan
护体护体护体护体护体。护体护体护体护体护体护体护体护体护体护体护体护护体护体体护体护体护体护体护体护体护体护体护体护体护体,3,nan
都说了是bug了 一直bbb的烦不烦啊,2,nan
哈哈哈哈哈哈啊哈,0,nan
都说让你烧了,4,nan
哈哈哈哈哈哈啊哈,0,nan
都说是小雕像了嘛，应该是能放到那个小桌子上的大小吧,4,nan
都提示你不要开灯了,4,nan
哈哈哈哈哈哈抱歉我在狂笑,0,nan
哈哈哈哈哈哈电池退散,0,nan
哈哈哈哈哈哈嗝,0,nan
哈哈哈哈哈哈嗝。。,0,nan
哈哈哈哈哈哈哈,0,nan
护体护体护体护体护体后退,3,nan
哈哈哈哈哈哈哈,0,nan
哈哈哈哈哈哈哈,0,nan
好压抑啊,4,nan
护体护体护体护体护体护体,3,nan
哈哈哈哈哈哈哈,0,nan
哈哈哈哈哈哈哈,0,nan
哈哈哈哈哈哈哈,0,nan
哈哈哈哈哈哈哈,0,nan
都玩到二楼了你怎么还没捡地图，上面会显示那些星座门,4,nan
哈哈哈哈哈哈哈,0,nan
都用手机没用电脑弹幕少正常,4,nan
护体护体护体护体护体护体,3,nan
哈哈哈哈哈哈哈,0,nan
哈哈哈哈哈哈哈,0,nan
哈哈哈哈哈哈哈,0,nan
哈哈哈哈哈哈哈,0,nan
哈哈哈哈哈哈哈,0,nan
哈哈哈哈哈哈哈,0,nan
哈哈哈哈哈哈哈,0,nan
哈哈哈哈哈哈哈,0,nan
哈哈哈哈哈哈哈,0,nan
哈哈哈哈哈哈哈,0,nan
哈哈哈哈哈哈哈,0,nan
哈哈哈哈哈哈哈,0,nan
哈哈哈哈哈哈哈,0,nan
哈哈哈哈哈哈哈,0,nan
哈哈哈哈哈哈哈,0,nan
哈哈哈哈哈哈哈,0,nan
哈哈哈哈哈哈哈,0,nan
好晕,1,nan
哈哈哈哈哈哈哈,0,nan
护体护体护体护体护体护体,3,nan
好晕,1,nan
护体护体护体护体护体护体,3,nan
哈哈哈哈哈哈哈,0,nan
都有锤子了，为什么不能和鬼硬刚？,4,nan
护体护体护体护体护体护体护体,3,nan
都在安静的看？,4,nan
哈哈哈哈哈哈哈,0,nan
哈哈哈哈哈哈哈,0,nan
抖着腿坐等处女座,4,nan
护体护体护体护体护体护体护体,3,nan
护体护体护体护体护体护体护体白天护体护体护体护体护体护体护体护体护体护体护体护体护体护体护体,3,nan
斗m倾向,4,nan
斗筲之人，何足算也！,4,nan
哈哈哈哈哈哈哈,0,nan
哈哈哈哈哈哈哈,0,nan
哈哈哈哈哈哈哈,0,nan
哈哈哈哈哈哈哈,0,nan
豆腐渣工程？锯两下就断了？,4,nan
哈哈哈哈哈哈哈,0,nan
哈哈哈哈哈哈哈,0,nan
哈哈哈哈哈哈哈,0,nan
逗川好看你去看不要发弹幕影响别人心情好吗,2,nan
哈哈哈哈哈哈哈,0,nan
护体护体护体护体护体护体护体护,3,nan
哈哈哈哈哈哈哈,0,nan
护体护体护体护体护体护体护体护,3,nan
好晕,1,nan
读错档了,4,nan
护体护体护体护体护体护体护体护体,3,nan
读档或者已经死过,4,nan
好晕,1,nan
堵车了,4,nan
断了就是神作了,4,nan
哈哈哈哈哈哈哈,0,nan
对  应该是一晚上  窗外一直是黑的,4,nan
好晕,1,nan
好晕(?▽?),1,nan
哈哈哈哈哈哈哈,0,nan
哈哈哈哈哈哈哈,0,nan
护体护体护体护体护体护体护体护体啊啊啊啊啊啊啊啊啊啊啊啊啊啊啊啊啊啊啊啊啊啊啊啊啊啊啊啊啊啊啊啊啊啊啊啊啊啊啊啊啊啊啊啊啊啊啊啊啊啊啊啊啊啊啊啊啊啊啊啊啊啊啊啊啊啊啊啊啊啊啊啊啊啊啊啊啊啊啊啊啊啊啊啊,3,nan
对，发冷的兴音,4,nan
哈哈哈哈哈哈哈,0,nan
哈哈哈哈哈哈哈,0,nan
对，是没一P,4,nan
对exo拔刀的人我和你来,4,nan
对啊，看攻略怎么了！,4,nan
哈哈哈哈哈哈哈,0,nan
哈哈哈哈哈哈哈,0,nan
哈哈哈哈哈哈哈,0,nan
护体护体护体护体护体护体护体护体啊啊啊啊啊啊啊啊啊啊啊啊啊啊啊啊啊啊啊啊啊啊啊啊啊啊啊啊啊啊啊啊啊啊啊啊啊啊啊啊啊啊啊啊啊啊啊啊啊啊啊啊啊啊啊啊啊啊啊啊啊啊啊啊啊啊啊啊啊啊啊啊啊啊啊啊啊啊啊啊啊啊啊啊,3,nan
护体护体护体护体护体护体护体护体啊啊啊啊啊啊啊啊啊啊啊啊啊啊啊啊啊啊啊啊啊啊啊啊啊啊啊啊啊啊啊啊啊啊啊啊啊啊啊啊啊啊啊啊啊啊啊啊啊啊啊啊啊啊啊啊啊啊啊啊啊啊啊啊啊啊啊啊啊啊啊啊啊啊啊啊啊啊啊啊啊啊啊啊,3,nan
哈哈哈哈哈哈哈,0,nan
哈哈哈哈哈哈哈,0,nan
好晕，兄弟！,1,nan
哈哈哈哈哈哈哈,0,nan
哈哈哈哈哈哈哈,0,nan
哈哈哈哈哈哈哈,0,nan
护体护体护体护体护体护体护体护体啊啊啊啊啊啊啊啊啊啊啊啊啊啊啊啊啊啊啊啊啊啊啊啊啊啊啊啊啊啊啊啊啊啊啊啊啊啊啊啊啊啊啊啊啊啊啊啊啊啊啊啊啊啊啊啊啊啊啊啊啊啊啊啊啊啊啊啊啊啊啊啊啊啊啊啊啊啊啊啊啊啊啊啊,3,nan
对啊，这就可以火尧啊！,4,nan
哈哈哈哈哈哈哈,0,nan
好晕a,1,nan
好晕啊,1,nan
哈哈哈哈哈哈哈,0,nan
护体护体护体护体护体护体护体护体啊啊啊啊啊啊啊啊啊啊啊啊啊啊啊啊啊啊啊啊啊啊啊啊啊啊啊啊啊啊啊啊啊啊啊啊啊啊啊啊啊啊啊啊啊啊啊啊啊啊啊啊啊啊啊啊啊啊啊啊啊啊啊啊啊啊啊啊啊啊啊啊啊啊啊啊啊啊啊啊啊啊啊啊,3,nan
护体护体护体护体护体护体护体护体啊啊啊啊啊啊啊啊啊啊啊啊啊啊啊啊啊啊啊啊啊啊啊啊啊啊啊啊啊啊啊啊啊啊啊啊啊啊啊啊啊啊啊啊啊啊啊啊啊啊啊啊啊啊啊啊啊啊啊啊啊啊啊啊啊啊啊啊啊啊啊啊啊啊啊啊啊啊啊啊啊啊啊啊,3,nan
对啊对啊对啊，你说的都对,4,nan
对啊你把这个拔下来插在那个不就好了233,4,nan
哈哈哈哈哈哈哈,0,nan
哈哈哈哈哈哈哈,0,nan
哈哈哈哈哈哈哈,0,nan
哈哈哈哈哈哈哈,0,nan
对存档点异常熟悉,4,nan
哈哈哈哈哈哈哈,0,nan
哈哈哈哈哈哈哈,0,nan
哈哈哈哈哈哈哈,0,nan
对对对，但是白米声音好听，可以忽略视角,4,nan
对对对这也是我入坑白米的作品！！,4,nan
护体护体护体护体护体护体护体护体啊啊啊啊啊啊啊啊啊啊啊啊啊啊啊啊啊啊啊啊啊啊啊啊啊啊啊啊啊啊啊啊啊啊啊啊啊啊啊啊啊啊啊啊啊啊啊啊啊啊啊啊啊啊啊啊啊啊啊啊啊啊啊啊啊啊啊啊啊啊啊啊啊啊啊啊啊啊啊啊啊啊啊啊,3,nan
对方申请做你心尖尖上的宝贝,4,nan
护体护体护体护体护体护体护体护体啊啊啊啊啊啊啊啊啊啊啊啊啊啊啊啊啊啊啊啊啊啊啊啊啊啊啊啊啊啊啊啊啊啊啊啊啊啊啊啊啊啊啊啊啊啊啊啊啊啊啊啊啊啊啊啊啊啊啊啊啊啊啊啊啊啊啊啊啊啊啊啊啊啊啊啊啊啊啊啊啊啊啊啊,3,nan
对恐怖游戏免疫，红字姬,4,nan
哈哈哈哈哈哈哈,0,nan
护体护体护体护体护体护体护体护体啊啊啊啊啊啊啊啊啊啊啊啊啊啊啊啊啊啊啊啊啊啊啊啊啊啊啊啊啊啊啊啊啊啊啊啊啊啊啊啊啊啊啊啊啊啊啊啊啊啊啊啊啊啊啊啊啊啊啊啊啊啊啊啊啊啊啊啊啊啊啊啊啊啊啊啊啊啊啊啊啊啊啊啊,3,nan
哈哈哈哈哈哈哈,0,nan
哈哈哈哈哈哈哈,0,nan
哈哈哈哈哈哈哈,0,nan
哈哈哈哈哈哈哈,0,nan
哈哈哈哈哈哈哈,0,nan
哈哈哈哈哈哈哈,0,nan
哈哈哈哈哈哈哈,0,nan
对了，罗伯特后来不还在密码房撞墙，在墙上留言警告来着,4,nan
哈哈哈哈哈哈哈,0,nan
护体护体护体护体护体护体护体护体给他护体护体护体护体护体护体护体护体护体,3,nan
护体护体护体护体护体护体护体护体护体,3,nan
对路痴不友好,4,nan
哈哈哈哈哈哈哈,0,nan
哈哈哈哈哈哈哈,0,nan
对路痴很不友好,4,nan
哈哈哈哈哈哈哈,0,nan
哈哈哈哈哈哈哈,0,nan
对路痴是个迷,4,nan
护体护体护体护体护体护体护体护体护体,3,nan
护体护体护体护体护体护体护体护体护体,3,nan
哈哈哈哈哈哈哈,0,nan
对路痴相当不友好！,4,nan
对路痴一点也不友好,4,nan
哈哈哈哈哈哈哈,0,nan
好晕啊,1,nan
哈哈哈哈哈哈哈,0,nan
护体护体护体护体护体护体护体护体护体护体,3,nan
对路痴一点也不友好,4,nan
哈哈哈哈哈哈哈,0,nan
好晕啊,1,nan
哈哈哈哈哈哈哈,0,nan
哈哈哈哈哈哈哈,0,nan
对没有错，这个宅子占了半个地球,4,nan
对男主死了，米米真相了,4,nan
好晕啊,1,nan
哈哈哈哈哈哈哈,0,nan
对嗓子不好啊,4,nan
哈哈哈哈哈哈哈,0,nan
对鸭 摩羯呢,4,nan
哈哈哈哈哈哈哈,0,nan
护体护体护体护体护体护体护体护体护体护体,3,nan
哈哈哈哈哈哈哈,0,nan
好晕啊,1,nan
对呀生气的米米好攻！,4,nan
好晕啊，难受,1,nan
哈哈哈哈哈哈哈,0,nan
护体护体护体护体护体护体护体护体护体护体,3,nan
对洋娃娃有阴影了,4,nan
哈哈哈哈哈哈哈,0,nan
对英语不太好的小朋友不友好啊,4,nan
护体护体护体护体护体护体护体护体护体护体,3,nan
护体护体护体护体护体护体护体护体护体护体,3,nan
对于路痴来说大型逃生游戏简直无路可去,4,nan
哈哈哈哈哈哈哈,0,nan
对于我这种游戏路痴，你给我攻略我都找不到房间。,4,nan
对于这个地图，我早就晕了…………,4,nan
哈哈哈哈哈哈哈,0,nan
对晕3D的人很不友好,4,nan
好晕啊...,1,nan
好晕啊。。。我已经分不清哪是哪了。。。,1,nan
对这个游戏不太实用,4,nan
护体护体护体护体护体护体护体护体护体护体,3,nan
蹲个1,4,nan
护体护体护体护体护体护体护体护体护体护体护体,3,nan
护体护体护体护体护体护体护体护体护体护体护体护体弹幕护体,3,nan
哈哈哈哈哈哈哈，,0,nan
护体护体护体护体护体护体护体护体护体护体护体护体弹幕护体弹幕护体,3,nan
护体护体护体护体护体护体护体护体护体护体护体护体弹幕护体弹幕护体护体,3,nan
哈哈哈哈哈哈哈，搓澡,0,nan
好晕啊啊啊啊啊,1,nan
哈哈哈哈哈哈哈，还玩儿上了,0,nan
哈哈哈哈哈哈哈，还作死,0,nan
护体护体护体护体护体护体护体护体护体护体护体护体弹幕护体护体护体护体护体护体护体护体护体护体护体护体护体弹幕护体,3,nan
哈哈哈哈哈哈哈，米不哭啦,0,nan
蹲在这骗自己,4,nan
哈哈哈哈哈哈哈，你懂我懂，大家懂,0,nan
哈哈哈哈哈哈哈，我也是，我在吃水果,0,nan
哈哈哈哈哈哈哈，要笑死了,0,nan
好晕啊真的好晕啊,1,nan
多 人 运 动,4,nan
好晕啊真的好晕啊,1,nan
哈哈哈哈哈哈哈，这也太可爱啦,0,nan
哈哈哈哈哈哈哈，直面死亡吧哈哈哈,0,nan
哈哈哈哈哈哈哈w好可爱,0,nan
哈哈哈哈哈哈哈啊哈哈,0,nan
哈哈哈哈哈哈哈白米比较吓人,0,nan
哈哈哈哈哈哈哈被口水呛到了,0,nan
护体护体护体护体护体护体护体护体护体护体护体护体护体,3,nan
哈哈哈哈哈哈哈标准结局,0,nan
护体护体护体护体护体护体护体护体护体护体护体护体护体护体,3,nan
多点弹幕,4,nan
哈哈哈哈哈哈哈不哭不哭,0,nan
哈哈哈哈哈哈哈迟早被踏马笑死,0,nan
好晕呐,1,nan
多发弹幕吧，一个人在家慌得雅痞,1,nan
多发点弹幕 呦西,4,nan
哈哈哈哈哈哈哈打开门跑了可还行,0,nan
哈哈哈哈哈哈哈弟弟,0,nan
多喝热水，听到你咳好多次了……飙泪,4,nan
多喝水水，不要假哭了，真的，摸摸头~,4,nan
哈哈哈哈哈哈哈嗝,0,nan
护体护体护体护体护体护体护体护体护体护体护体护体护体护体,3,nan
哈哈哈哈哈哈哈嗝,0,nan
哈哈哈哈哈哈哈嗝,0,nan
哈哈哈哈哈哈哈乖宝宝米米你真的太可爱了！原谅我的微笑,0,nan
多喝岩浆,4,nan
多喝岩浆,4,nan
哈哈哈哈哈哈哈哈,0,nan
多来点弹幕，好不，好怕呀,4,nan
哈哈哈哈哈哈哈哈,0,nan
哈哈哈哈哈哈哈哈,0,nan
多玛姆我是来谈条件的,4,nan
哈哈哈哈哈哈哈哈,0,nan
护体护体护体护体护体护体护体护体护体护体护体护体护体护体,3,nan
多米诺骨牌,4,nan
多人联机就不用那么害怕,4,nan
多少方的房子啊,4,nan
夺命劈丁廉233333,4,nan
哈哈哈哈哈哈哈哈,0,nan
躲进老子怀里，快！,4,nan
哈哈哈哈哈哈哈哈,0,nan
哈哈哈哈哈哈哈哈,0,nan
哈哈哈哈哈哈哈哈,0,nan
哈哈哈哈哈哈哈哈,0,nan
好晕呀转的我,1,nan
护体护体护体护体护体护体护体护体护体护体护体护体护体护体,3,nan
哈哈哈哈哈哈哈哈,0,nan
喝（口水）压压惊，也就是咽唾沫,1,nan
躲猫猫与搜索·推箱子游戏,4,nan
哈哈哈哈哈哈哈哈,0,nan
哈哈哈哈哈哈哈哈,0,nan
哈哈哈哈哈哈哈哈,0,nan
哈哈哈哈哈哈哈哈,0,nan
哈哈哈哈哈哈哈哈,0,nan
护体护体护体护体护体护体护体护体护体护体护体护体护体护体护体,3,nan
哈哈哈哈哈哈哈哈,0,nan
躲墙角还行23333,4,nan
和层层恐惧一样,4,nan
哈哈哈哈哈哈哈哈,0,nan
哈哈哈哈哈哈哈哈,0,nan
额，估计是高能吧,4,nan
护体护体护体护体护体护体护体护体护体护体护体护体护体护体护体,3,nan
和电池擦肩而过,4,nan
哈哈哈哈哈哈哈哈,0,nan
哈哈哈哈哈哈哈哈,0,nan
哈哈哈哈哈哈哈哈,0,nan
额，死亡座,4,nan
额，这手电筒还防水,4,nan
哈哈哈哈哈哈哈哈,0,nan
和男朋友在冷战.过来宠幸白米,4,nan
呃呃呃呃呃,4,nan
哈哈哈哈哈哈哈哈,0,nan
核能来袭,4,nan
呃呃呃呃呃,4,nan
呃呃呃呃呃呃,4,nan
哈哈哈哈哈哈哈哈,0,nan
呃呃呃呃呃呃,4,nan
哈哈哈哈哈哈哈哈,0,nan
核能蓝色警报,4,nan
恶灵！！！换电池…,4,nan
恶灵！……换！电！池！,4,nan
哈哈哈哈哈哈哈哈,0,nan
恶灵，换电池！,4,nan
哈哈哈哈哈哈哈哈,0,nan
哈哈哈哈哈哈哈哈,0,nan
哈哈哈哈哈哈哈哈,0,nan
恶灵：你TM是在逗我,4,nan
哈哈哈哈哈哈哈哈,0,nan
哈哈哈哈哈哈哈哈,0,nan
哈哈哈哈哈哈哈哈,0,nan
护体护体护体护体护体护体护体护体护体护体护体护体护体护体护体,3,nan
哈哈哈哈哈哈哈哈,0,nan
哈哈哈哈哈哈哈哈,0,nan
护体护体护体护体护体护体护体护体护体护体护体护体护体护体护体护体,3,nan
哈哈哈哈哈哈哈哈,0,nan
哈哈哈哈哈哈哈哈,0,nan
核能手电下线。,4,nan
哈哈哈哈哈哈哈哈,0,nan
护体护体护体护体护体护体护体护体护体护体护体护体护体护体护体护体,3,nan
恶灵：我换不了，你自己换,4,nan
哈哈哈哈哈哈哈哈,0,nan
护体护体护体护体护体护体护体护体护体护体护体护体护体护体护体护体,3,nan
哈哈哈哈哈哈哈哈,0,nan
哈哈哈哈哈哈哈哈,0,nan
哈哈哈哈哈哈哈哈,0,nan
护体护体护体护体护体护体护体护体护体护体护体护体护体护体护体护体,3,nan
哈哈哈哈哈哈哈哈,0,nan
核能手电已下线,4,nan
护体护体护体护体护体护体护体护体护体护体护体护体护体护体护体护体,3,nan
恶灵……换电池！,4,nan
哈哈哈哈哈哈哈哈,0,nan
恶灵电池,4,nan
哈哈哈哈哈哈哈哈,0,nan
哈哈哈哈哈哈哈哈,0,nan
哈哈哈哈哈哈哈哈,0,nan
护体护体护体护体护体护体护体护体护体护体护体护体护体护体护体护体,3,nan
护体护体护体护体护体护体护体护体护体护体护体护体护体护体护体护体,3,nan
恶灵丢电池电死小姐接,4,nan
核能预警,4,nan
恶灵换电池,4,nan
哈哈哈哈哈哈哈哈,0,nan
哈哈哈哈哈哈哈哈,0,nan
哈哈哈哈哈哈哈哈,0,nan
哈哈哈哈哈哈哈哈,0,nan
哈哈哈哈哈哈哈哈,0,nan
恶灵换电池,4,nan
恶灵换电池,4,nan
恶灵换电池,4,nan
哈哈哈哈哈哈哈哈,0,nan
恶灵换电池,4,nan
恶灵换电池,4,nan
恶灵换电池,4,nan
哈哈哈哈哈哈哈哈,0,nan
护体护体护体护体护体护体护体护体护体护体护体护体护体护体护体护体,3,nan
核能预警,4,nan
恶灵换电池,4,nan
哈哈哈哈哈哈哈哈,0,nan
哈哈哈哈哈哈哈哈,0,nan
核能预警,4,nan
哈哈哈哈哈哈哈哈,0,nan
护体护体护体护体护体护体护体护体护体护体护体护体护体护体护体护体护体,3,nan
哈哈哈哈哈哈哈哈,0,nan
哈哈哈哈哈哈哈哈,0,nan
恶灵换电池,4,nan
核能预警,4,nan
哈哈哈哈哈哈哈哈,0,nan
恶灵换电池！,4,nan
哈哈哈哈哈哈哈哈 存档小王子,0,nan
护体护体护体护体护体护体护体护体护体护体护体护体护体护体护体护体护体护体,3,nan
哈哈哈哈哈哈哈哈，wysl,0,nan
哈哈哈哈哈哈哈哈。,0,nan
哈哈哈哈哈哈哈哈up太可爱了吧,0,nan
核能预警,4,nan
恶灵换电池！！！,4,nan
哈哈哈哈哈哈哈哈up也太可爱了吧？？哈哈哈哈笑死我了,0,nan
恶灵换电池233333,4,nan
哈哈哈哈哈哈哈哈白米好可爱,0,nan
哈哈哈哈哈哈哈哈操,0,nan
哈哈哈哈哈哈哈哈大型追逐战,0,nan
哈哈哈哈哈哈哈哈对不起米米，我不厚道的笑了～,0,nan
核能预警,4,nan
护体护体护体护体护体护体护体护体护体护体护体护体护体护体护体护体护体护体,3,nan
哈哈哈哈哈哈哈哈恶灵换电池,0,nan
核能预警,4,nan
护体护体护体护体护体护体护体护体护体护体护体护体护体护体护体护体护体护体,3,nan
护体护体护体护体护体护体护体护体护体护体护体护体护体护体护体护体护体护体护体,3,nan
哈哈哈哈哈哈哈哈嗝,0,nan
护体护体护体护体护体护体护体护体护体护体护体护体护体护体护体护体护体护体护体护体啊啊啊啊啊啊啊啊啊啊啊啊啊啊啊啊啊啊啊啊啊啊啊啊啊啊啊啊啊啊啊啊啊啊啊啊啊啊啊啊啊弹幕护体弹幕护体弹幕护体弹幕护体弹幕,3,nan
护体护体护体护体护体护体护体护体护体护体护体护体护体护体护体护体护体护体护体护体护体,3,nan
核能预警,4,nan
哈哈哈哈哈哈哈哈嗝,0,nan
护体护体护体护体护体护体护体护体护体护体护体护体护体护体护体护体护体护体护体护体护体,3,nan
护体护体护体护体护体护体护体护体护体护体护体护体护体护体护体护体护体护体护体护体护体护体,3,nan
哈哈哈哈哈哈哈哈哈,0,nan
护体护体护体护体护体护体护体护体护体护体护体护体护体护体护体护体护体护体护体护体护体护体护体护体,3,nan
护体护体护体护体护体护体护体护体护体护体护体护体护体护体护体护体护体护体护体护体护体护体护体护体护体护体,3,nan
哈哈哈哈哈哈哈哈哈,0,nan
哈哈哈哈哈哈哈哈哈,0,nan
核能预警,4,nan
核能预警,4,nan
哈哈哈哈哈哈哈哈哈,0,nan
哈哈哈哈哈哈哈哈哈,0,nan
哈哈哈哈哈哈哈哈哈,0,nan
哈哈哈哈哈哈哈哈哈,0,nan
护体护体护体护体护体护体护体护体护体护体护体护体护体护体护体护体护体护体护体护体护体护体护体护体护体护体,3,nan
核能预警,4,nan
哈哈哈哈哈哈哈哈哈,0,nan
哈哈哈哈哈哈哈哈哈,0,nan
哈哈哈哈哈哈哈哈哈,0,nan
护体护体护体护体护体护体护体护体护体护体护体护体护体护体护体护体护体护体护体护体护体护体护体护体护体护体,3,nan
护体护体护体护体护体护体护体护体护体护体护体护体护体护体护体护体护体护体护体护体护体护体护体护体护体护体护体护体,3,nan
哈哈哈哈哈哈哈哈哈,0,nan
哈哈哈哈哈哈哈哈哈,0,nan
哈哈哈哈哈哈哈哈哈,0,nan
哈哈哈哈哈哈哈哈哈,0,nan
护体护体护体护体护体护体护体护体护体护体护体护体护体护体护体护体护体护体护体护体护体护体护体护体护体护体护体护体护体护体护体护,3,nan
哈哈哈哈哈哈哈哈哈,0,nan
哈哈哈哈哈哈哈哈哈,0,nan
哈哈哈哈哈哈哈哈哈,0,nan
哈哈哈哈哈哈哈哈哈,0,nan
哈哈哈哈哈哈哈哈哈,0,nan
护体护体护体护体护体护体护体护体护体护体护体护体护体护体护体护体护体护体护体护体护体护体护体护体护体护体护体护体护体护体护体护体,3,nan
护体护体护体护体护体护体护体护体护体护体护体护体护体护体护体护体护体护体护体护体护体护体护体护体护体护体护体护体护体护体护体护体,3,nan
哈哈哈哈哈哈哈哈哈,0,nan
护体护体护体护体护体护体护体护体护体护体护体护体护体护体护体护体护体护体护体护体护体护体护体护体护体护体护体护体护体护体护体护体,3,nan
哈哈哈哈哈哈哈哈哈,0,nan
哈哈哈哈哈哈哈哈哈,0,nan
哈哈哈哈哈哈哈哈哈,0,nan
核能预警,4,nan
哈哈哈哈哈哈哈哈哈,0,nan
哈哈哈哈哈哈哈哈哈,0,nan
护体护体护体护体护体护体护体护体护体护体护体护体护体护体护体护体护体护体护体护体护体护体护体护体护体护体护体护体护体护体护体护体,3,nan
哈哈哈哈哈哈哈哈哈,0,nan
护体护体护体护体护体护体护体护体护体护体护体护体护体护体护体护体护体护体护体护体护体护体护体护体护体护体护体护体护体护体护体护体护体护体,3,nan
哈哈哈哈哈哈哈哈哈,0,nan
护体护体护体护体护体护体护体护体护体护体护体护体护体护体护体护体护体护体护体护体护体护体护体护体护体护体护体护体护体护体护体护体护体护体护体,3,nan
护体护体护体护体护体护体护体护体护体护体护体护体护体护体护体护体护体护体护体护体护体护体护体护体护体护体护体护体护体护体护体护体护体护体护体护体,3,nan
护体护体护体护体护体护体护体护体护体护体护体护体护体护体护体护体护体护体护体护体护体护体护体护体护体护体护体护体护体护体护体护体护体护体护体护体,3,nan
核能预警,4,nan
哈哈哈哈哈哈哈哈哈,0,nan
护体护体护体护体护体护体护体护体护体护体护体护体护体护体护体护体护体护体护体护体护体护体护体护体护体护体护体护体护体护体护体护体护体护体护体护体,3,nan
护体护体护体护体护体护体护体护体护体护体护体护体护体护体护体护体护体护体护体护体护体护体护体护体护体护体护体护体护体护体护体护体护体护体护体护体护体,3,nan
护体护体护体护体护体护体护体护体护体护体护体护体护体护体护体护体护体护体护体护体护体护体护体护体护体护体护体护体护体护体护体护体护体护体护体护体护体护体,3,nan
哈哈哈哈哈哈哈哈哈,0,nan
护体护体护体护体护体护体护体护体护体护体护体护体护体护体护体护体护体护体护体护体护体护体护体护体护体护体护体护体护体护体护体护体护体护体护体护体护体护体护体护体护体,3,nan
哈哈哈哈哈哈哈哈哈,0,nan
核能预警,4,nan
护体护体护体护体护体护体护体护体护体护体护体护体护体护体护体护体护体护体护体护体护体护体护体护体护体护体护体护体护体护体护体护体护体护体护体护体护体护体护体护体护体,3,nan
哈哈哈哈哈哈哈哈哈,0,nan
护体护体护体护体护体护体护体护体护体护体护体护体护体护体护体护体护体护体护体护体护体护体护体护体护体护体护体护体护体护体护体护体护体护体护体护体护体护体护体护体护体护体,3,nan
护体护体护体护体护体护体护体护体护体护体护体护体护体护体护体护体护体护体护体护体护体护体护体护体护体护体护体护体护体护体护体护体护体护体护体护体护体护体护体护体护体护体护体,3,nan
哈哈哈哈哈哈哈哈哈,0,nan
护体护体护体护体护体护体护体护体护体护体护体护体护体护体护体护体护体护体护体护体护体护体护体护体护体护体护体护体护体护体护体护体护体护体护体护体护体护体护体护体护体护体护体护,3,nan
哈哈哈哈哈哈哈哈哈,0,nan
哈哈哈哈哈哈哈哈哈,0,nan
哈哈哈哈哈哈哈哈哈,0,nan
哈哈哈哈哈哈哈哈哈,0,nan
核能预警,4,nan
哈哈哈哈哈哈哈哈哈,0,nan
护体护体护体护体护体护体护体护体护体护体护体护体护体护体护体护体护体护体护体护体护体护体护体护体护体护体护体护体护体护体护体护体护体护体护体护体护体护体护体护体护体护体护体护体,3,nan
护体护体护体护体护体护体护体护体护体护体护体护体护体护体护体护体护体护体护体护体护体护体护体护体护体护体护体护体护体护体护体护体护体护体护体护体护体护体护体护体护体护体护体护体护,3,nan
护体护体护体护体护体护体护体护体护体护体护体护体护体护体护体护体护体护体护体护体护体护体护体护体护体护体护体护体护体护体护体护体护体护体护体护体护体护体护体护体护体护体护体护体护体护,3,nan
哈哈哈哈哈哈哈哈哈,0,nan
护体护体护体护体护体护体护体护体护体护体护体护体护体护体护体护体护体护体护体护体护体护体护体护体护体护体护体护体护体护体护体护体护体护体护体护体护体护体护体护体护体护体护体护体护体护体,3,nan
哈哈哈哈哈哈哈哈哈,0,nan
哈哈哈哈哈哈哈哈哈,0,nan
哈哈哈哈哈哈哈哈哈,0,nan
护体护体护体护体护体护体护体护体护体护体护体护体护体护体护体护体护体护体护体护体护体护体护体护体护体护体护体护体护体护体护体护体护体护体护体护体护体护体护体护体护体护体护体护体护体护体护体,3,nan
哈哈哈哈哈哈哈哈哈,0,nan
哈哈哈哈哈哈哈哈哈,0,nan
护体护体护体护体护体护体护体护体护体护体护体护体护体护体护体护体护体护体护体护体护体护体护体护体护体护体护体护体护体护体护体护体护体护体护体护体护体护体护体护体护体护体护体护体护体护体护体,3,nan
哈哈哈哈哈哈哈哈哈,0,nan
哈哈哈哈哈哈哈哈哈,0,nan
哈哈哈哈哈哈哈哈哈,0,nan
哈哈哈哈哈哈哈哈哈,0,nan
护体护体护体护体护体护体护体护体护体护体护体护体护体护体护体护体护体护体护体护体护体护体护体护体护体护体护体护体护体护体护体护体护体护体护体护体护体护体护体护体护体护体护体护体护体护体护体护体,3,nan
哈哈哈哈哈哈哈哈哈,0,nan
护体护体护体护体护体护体护体护体护体护体护体护体护体护体护体护体护体护体护体护体护体护体护体护体护体护体护体护体护体护体护体护体护体护体护体护体护体护体护体护体护体护体护体护体护体护体护体护体,3,nan
哈哈哈哈哈哈哈哈哈,0,nan
护体护体护体护体护体护体护体护体护体护体护体护体护体护体护体护体护体护体护体护体护体护体护体护体护体护体护体护体护体护体护体护体护体护体护体护体护体护体护体护体护体护体护体护体护体护体护体护体,3,nan
哈哈哈哈哈哈哈哈哈,0,nan
哈哈哈哈哈哈哈哈哈,0,nan
哈哈哈哈哈哈哈哈哈,0,nan
黑暗的支配者来了【滑稽】,4,nan
护体护体护体护体护体护体护体护体护体护体护体护体护体护体护体护体护体护体护体护体护体护体护体护体护体护体护体护体护体护体护体护体护体护体护体护体护体护体护体护体护体护体护体护体护体护体护体护体护,3,nan
护体护体护体护体护体护体护体护体护体护体护体护体护体护体护体护体护体护体护体护体护体护体护体护体护体护体护体护体护体护体护体护体护体护体护体护体护体护体护体护体护体护体护体护体护体护体护体护体护体,3,nan
护体护体护体护体护体护体护体护体护体护体护体护体护体护体护体护体护体护体护体护体护体护体护体护体护体护体护体护体护体护体护体护体护体护体护体护体护体护体护体护体护体护体护体护体护体护体护体护体护体护体,3,nan
哈哈哈哈哈哈哈哈哈,0,nan
哈哈哈哈哈哈哈哈哈,0,nan
哈哈哈哈哈哈哈哈哈,0,nan
护体护体护体护体护体护体护体护体护体护体护体护体护体护体护体护体护体护体护体护体护体护眼护眼护眼护眼护眼护眼护眼护眼护眼护眼护眼护眼护眼护眼护眼护眼护眼护眼护眼护眼护眼护眼护眼护眼护眼护眼护眼护眼护眼,3,nan
哈哈哈哈哈哈哈哈哈,0,nan
哈哈哈哈哈哈哈哈哈,0,nan
护体护体护体护体护体护体护体护体护体护体护体护体体护体护体护体护护体护体护体护体护体护体护体护体护体护体护体护体体护体护体护护体护体护体护体护体护体护体护体护体护体护体护体体护体护体护体护护体护体护护,3,nan
护体护体护体护体护体护体护体护眼护眼护眼护眼护眼护眼护眼护眼护眼护眼护眼护眼护眼护眼啊啊啊啊啊啊啊啊啊啊啊啊啊啊啊啊啊啊啊啊啊啊啊啊啊啊啊啊啊啊啊啊啊啊啊啊啊啊啊啊啊啊啊啊啊啊啊啊啊啊啊啊啊啊啊啊啊,3,nan
护体护体护体护体护体护眼护眼护眼护眼,3,nan
护体护体军在此,4,nan
哈哈哈哈哈哈哈哈哈,0,nan
黑暗侵袭,4,nan
哈哈哈哈哈哈哈哈哈,0,nan
哈哈哈哈哈哈哈哈哈,0,nan
哈哈哈哈哈哈哈哈哈。,0,nan
护体护眼,3,nan
哈哈哈哈哈哈哈哈哈。,0,nan
护体军伴你出行！,4,nan
哈哈哈哈哈哈哈哈哈。,0,nan
哈哈哈哈哈哈哈哈哈。,0,nan
哈哈哈哈哈哈哈哈哈。输给了bug。,0,nan
护体军在此,4,nan
哈哈哈哈哈哈哈哈哈阿德金森夫人的妻子,0,nan
护体呀,3,nan
护眼,3,nan
护眼,3,nan
哈哈哈哈哈哈哈哈哈不行了xswl,0,nan
哈哈哈哈哈哈哈哈哈打不开就不用怕,0,nan
护眼,3,nan
哈哈哈哈哈哈哈哈哈嗝,0,nan
黑暗中摸索,4,nan
护眼,3,nan
护眼,3,nan
哈哈哈哈哈哈哈哈哈嗝,0,nan
哈哈哈哈哈哈哈哈哈嗝,0,nan
护眼,3,nan
护眼,3,nan
护眼,3,nan
哈哈哈哈哈哈哈哈哈哈,0,nan
护眼,3,nan
哈哈哈哈哈哈哈哈哈哈,0,nan
哈哈哈哈哈哈哈哈哈哈,0,nan
哈哈哈哈哈哈哈哈哈哈,0,nan
护眼,3,nan
护眼,3,nan
哈哈哈哈哈哈哈哈哈哈,0,nan
黑寡妇来袭,4,nan
哈哈哈哈哈哈哈哈哈哈,0,nan
护眼,3,nan
哈哈哈哈哈哈哈哈哈哈,0,nan
黑寡妇来袭,4,nan
黑寡妇来袭,4,nan
哈哈哈哈哈哈哈哈哈哈,0,nan
哈哈哈哈哈哈哈哈哈哈,0,nan
哈哈哈哈哈哈哈哈哈哈,0,nan
哈哈哈哈哈哈哈哈哈哈,0,nan
哈哈哈哈哈哈哈哈哈哈,0,nan
哈哈哈哈哈哈哈哈哈哈,0,nan
黑寡妇来袭,4,nan
哈哈哈哈哈哈哈哈哈哈,0,nan
黑寡妇要来了,4,nan
哈哈哈哈哈哈哈哈哈哈,0,nan
哈哈哈哈哈哈哈哈哈哈,0,nan
哈哈哈哈哈哈哈哈哈哈,0,nan
护眼,3,nan
哈哈哈哈哈哈哈哈哈哈,0,nan
哈哈哈哈哈哈哈哈哈哈,0,nan
护眼,3,nan
哈哈哈哈哈哈哈哈哈哈,0,nan
护眼 护眼 护眼 护眼 护眼 护眼 护眼 护眼 护眼 护眼 护眼 护眼 护眼 护眼 护眼 护眼,3,nan
黑寡妇要来了,4,nan
哈哈哈哈哈哈哈哈哈哈,0,nan
护眼 护眼 护眼 护眼 护眼 护眼 护眼 护眼 护眼 护眼 护眼 护眼 护眼 护眼 护眼 护眼,3,nan
哈哈哈哈哈哈哈哈哈哈,0,nan
哈哈哈哈哈哈哈哈哈哈,0,nan
哈哈哈哈哈哈哈哈哈哈,0,nan
哈哈哈哈哈哈哈哈哈哈,0,nan
护眼 护眼 护眼 护眼 护眼 护眼 护眼 护眼 护眼 护眼 护眼 护眼 护眼 护眼 护眼 护眼 护眼 护眼 护眼 护眼 护眼 护眼 护眼 护眼 护眼 护眼 护眼 护眼 护眼 护眼 护眼 护眼,3,nan
护眼！！！！！！！！！！！！！！！！！！！！！！！！！！！！！！！！！！！！！！！！！！！,3,nan
哈哈哈哈哈哈哈哈哈哈,0,nan
哈哈哈哈哈哈哈哈哈哈,0,nan
哈哈哈哈哈哈哈哈哈哈,0,nan
哈哈哈哈哈哈哈哈哈哈,0,nan
黑黑的我啥也没看到……,4,nan
哈哈哈哈哈哈哈哈哈哈,0,nan
护眼！！！！！！！！！！！！！！！！！！！！！！！！！！！！！！！！！！！！！！！！！！！！！！！！！,3,nan
哈哈哈哈哈哈哈哈哈哈,0,nan
哈哈哈哈哈哈哈哈哈哈,0,nan
护眼！！！！！！！！！！！！！！！！！！！！！！！！！！！！！！！！！！！！！！！！！！！！！！！！！！！,3,nan
护眼！！！！！！！！！！！！！！！！！！！！！！！！！！！！！！！！！！！！！！！！！！！！！！！！！！！！！！！！,3,nan
哈哈哈哈哈哈哈哈哈哈,0,nan
黑烟迷路了海星,4,nan
哈哈哈哈哈哈哈哈哈哈,0,nan
护眼！！！！！！！！！！！！！！！！！！！！！！！！！！！！！！！！！！！！！！！！！！！！！！！！！！！！！！！！！！！,3,nan
哈哈哈哈哈哈哈哈哈哈,0,nan
哈哈哈哈哈哈哈哈哈哈,0,nan
护眼！！！！！！！！！！！！！！！！！！！！！！！！！！！！！！！！！！！！！！！！！！！！！！！！！！！！！！！！！！！！,3,nan
护眼！！！！！！！！！！！！！！！！！！！！！！！！！！！！！！！！！！！！！！！！！！！！！！！！！！！！！！！！！！！！！！！,3,nan
哈哈哈哈哈哈哈哈哈哈,0,nan
哈哈哈哈哈哈哈哈哈哈,0,nan
哈哈哈哈哈哈哈哈哈哈,0,nan
哈哈哈哈哈哈哈哈哈哈,0,nan
哈哈哈哈哈哈哈哈哈哈,0,nan
哈哈哈哈哈哈哈哈哈哈,0,nan
护眼！！！！！！！！！！！！！！！！！！！！！！！！！！！！！！！！！！！！！！！！！！！！！！！！！！！！！！！！！！！！！！！！！！,3,nan
很慌…,1,nan
护眼！！！！！！！！！！！！！！！！！！！！！！！！！！！！！！！！！！！！！！！！！！！！！！！！！！！！！！！！！！！！！！！！！！！！！！！,3,nan
护眼！！！！！！！！！！！！！！！！！！！！！！！！！！！！！！！！！！！！！！！！！！！！！！！！！！！！！！！！！！！！！！！！！！！！！！！！！！！！！！！！！！！！,3,nan
哈哈哈哈哈哈哈哈哈哈,0,nan
哈哈哈哈哈哈哈哈哈哈,0,nan
护眼！！！！！！！！！！！！！！！！！！！！！！！！！！！！！！！！！！！！！！！！！！！！！！！！！！！！！1,3,nan
哈哈哈哈哈哈哈哈哈哈,0,nan
哈哈哈哈哈哈哈哈哈哈,0,nan
哈哈哈哈哈哈哈哈哈哈,0,nan
哈哈哈哈哈哈哈哈哈哈，对不起对不起我实在忍不住,0,nan
护眼啊,3,nan
很快吗，有多快?,4,nan
哈哈哈哈哈哈哈哈哈哈，每次看他结尾那时都想笑,0,nan
哈哈哈哈哈哈哈哈哈哈啊哈,0,nan
哈哈哈哈哈哈哈哈哈哈啊哈,0,nan
护眼护眼,3,nan
哈哈哈哈哈哈哈哈哈哈草,0,nan
护眼护眼,3,nan
哈哈哈哈哈哈哈哈哈哈刺客肉盾,0,nan
哈哈哈哈哈哈哈哈哈哈隔,0,nan
很奈斯,4,nan
哈哈哈哈哈哈哈哈哈哈嗝,0,nan
哈哈哈哈哈哈哈哈哈哈嗝太可爱了,0,nan
护眼护眼,3,nan
哈哈哈哈哈哈哈哈哈哈哈,0,nan
哈哈哈哈哈哈哈哈哈哈哈,0,nan
很难受好嘛。,1,nan
哈哈哈哈哈哈哈哈哈哈哈,0,nan
护眼护眼,3,nan
护眼护眼啊啊啊啊啊啊啊啊啊啊啊啊啊,3,nan
恶灵退散帅！,4,nan
很晕的,1,nan
护眼护眼护护眼护眼护眼护眼护眼护眼护眼护眼护眼护眼护眼护眼护眼护眼,3,nan
哼i我的射手座那里了,4,nan
恶灵退散太攻了！,4,nan
哈哈哈哈哈哈哈哈哈哈哈,0,nan
哈哈哈哈哈哈哈哈哈哈哈,0,nan
哈哈哈哈哈哈哈哈哈哈哈,0,nan
红红火火恍恍惚惚,4,nan
哈哈哈哈哈哈哈哈哈哈哈,0,nan
哈哈哈哈哈哈哈哈哈哈哈,0,nan
哈哈哈哈哈哈哈哈哈哈哈,0,nan
红红火火恍恍惚惚,4,nan
恶灵消散pu ~,4,nan
哈哈哈哈哈哈哈哈哈哈哈,0,nan
红红火火恍恍惚惚,4,nan
恶龙咆哮,4,nan
哈哈哈哈哈哈哈哈哈哈哈,0,nan
哈哈哈哈哈哈哈哈哈哈哈,0,nan
哈哈哈哈哈哈哈哈哈哈哈,0,nan
哈哈哈哈哈哈哈哈哈哈哈,0,nan
红红火火恍恍惚惚,4,nan
红红火火恍恍惚惚,4,nan
护眼护眼护眼,3,nan
哈哈哈哈哈哈哈哈哈哈哈,0,nan
护眼护眼护眼啊啊啊,3,nan
哈哈哈哈哈哈哈哈哈哈哈,0,nan
护眼护眼护眼啊啊啊啊啊啊啊啊啊啊啊啊啊啊啊啊啊啊啊啊啊弹幕护体弹幕护体弹幕护体弹幕护体弹幕护体弹幕护体弹幕护体弹幕护体弹幕护体弹幕护体弹幕护体弹幕护体弹幕护体弹幕护体弹幕护体弹幕护体弹幕护体啊啊啊啊,3,nan
恶龙咆哮,4,nan
哈哈哈哈哈哈哈哈哈哈哈,0,nan
哈哈哈哈哈哈哈哈哈哈哈,0,nan
哈哈哈哈哈哈哈哈哈哈哈,0,nan
护眼护眼护眼护眼,3,nan
恶梦循环,4,nan
哈哈哈哈哈哈哈哈哈哈哈,0,nan
哈哈哈哈哈哈哈哈哈哈哈,0,nan
恶魔,4,nan
哈哈哈哈哈哈哈哈哈哈哈,0,nan
哈哈哈哈哈哈哈哈哈哈哈,0,nan
护眼护眼护眼护眼,3,nan
恶魔退！电池！,4,nan
恶心,1,nan
恶心 心,1,nan
护眼护眼护眼护眼护眼,3,nan
哈哈哈哈哈哈哈哈哈哈哈,0,nan
哈哈哈哈哈哈哈哈哈哈哈,0,nan
哈哈哈哈哈哈哈哈哈哈哈,0,nan
哈哈哈哈哈哈哈哈哈哈哈,0,nan
哈哈哈哈哈哈哈哈哈哈哈,0,nan
哈哈哈哈哈哈哈哈哈哈哈,0,nan
恶心，密集恐惧症,1,nan
哈哈哈哈哈哈哈哈哈哈哈,0,nan
红红火火恍恍惚惚,4,nan
红红火火恍恍惚惚,4,nan
恶心ing,1,nan
哈哈哈哈哈哈哈哈哈哈哈,0,nan
哈哈哈哈哈哈哈哈哈哈哈,0,nan
恶心男主还凑这么近，噗，呕,1,nan
恶心心,1,nan
哈哈哈哈哈哈哈哈哈哈哈,0,nan
哈哈哈哈哈哈哈哈哈哈哈,0,nan
哈哈哈哈哈哈哈哈哈哈哈,0,nan
恶心心,1,nan
哈哈哈哈哈哈哈哈哈哈哈,0,nan
哈哈哈哈哈哈哈哈哈哈哈，米米你运气太好了吧！,0,nan
哈哈哈哈哈哈哈哈哈哈哈对不起哈哈哈哈哈哈,0,nan
哈哈哈哈哈哈哈哈哈哈哈对不起我忍耐不住笑对不起,0,nan
恶心心,1,nan
哈哈哈哈哈哈哈哈哈哈哈二重奏,0,nan
红红火火恍恍惚惚,4,nan
红红火火恍恍惚惚,4,nan
护眼护眼护眼护眼护眼护眼,3,nan
护眼护眼护眼护眼护眼护眼,3,nan
恶心心,1,nan
哈哈哈哈哈哈哈哈哈哈哈嗝,0,nan
护眼护眼护眼护眼护眼护眼护眼,3,nan
哈哈哈哈哈哈哈哈哈哈哈哈,0,nan
恶心心,1,nan
护眼护眼护眼护眼护眼护眼护眼护眼,3,nan
哈哈哈哈哈哈哈哈哈哈哈哈,0,nan
哈哈哈哈哈哈哈哈哈哈哈哈,0,nan
护眼护眼护眼护眼护眼护眼护眼护眼,3,nan
哈哈哈哈哈哈哈哈哈哈哈哈,0,nan
哈哈哈哈哈哈哈哈哈哈哈哈,0,nan
哈哈哈哈哈哈哈哈哈哈哈哈,0,nan
红红火火恍恍惚惚,4,nan
哈哈哈哈哈哈哈哈哈哈哈哈,0,nan
红红火火恍恍惚惚,4,nan
哈哈哈哈哈哈哈哈哈哈哈哈,0,nan
恶心心,1,nan
护眼护眼护眼护眼护眼护眼护眼护眼,3,nan
红红火火恍恍惚惚,4,nan
护眼护眼护眼护眼护眼护眼护眼护眼,3,nan
恶心心,1,nan
哈哈哈哈哈哈哈哈哈哈哈哈,0,nan
哈哈哈哈哈哈哈哈哈哈哈哈,0,nan
护眼护眼护眼护眼护眼护眼护眼护眼,3,nan
红红火火恍恍惚惚,4,nan
哈哈哈哈哈哈哈哈哈哈哈哈,0,nan
哈哈哈哈哈哈哈哈哈哈哈哈,0,nan
恶心心,1,nan
恶心心,1,nan
护眼护眼护眼护眼护眼护眼护眼护眼,3,nan
恶心心,1,nan
恶心心,1,nan
护眼护眼护眼护眼护眼护眼护眼护眼,3,nan
护眼护眼护眼护眼护眼护眼护眼护眼,3,nan
红红火火恍恍惚惚,4,nan
红红火火恍恍惚惚,4,nan
哈哈哈哈哈哈哈哈哈哈哈哈,0,nan
恶心心,1,nan
恶心心,1,nan
哈哈哈哈哈哈哈哈哈哈哈哈,0,nan
哈哈哈哈哈哈哈哈哈哈哈哈,0,nan
恶心心,1,nan
哈哈哈哈哈哈哈哈哈哈哈哈,0,nan
哈哈哈哈哈哈哈哈哈哈哈哈,0,nan
护眼护眼护眼护眼护眼护眼护眼护眼,3,nan
哈哈哈哈哈哈哈哈哈哈哈哈,0,nan
红火火恍恍惚惚,4,nan
哈哈哈哈哈哈哈哈哈哈哈哈,0,nan
恶心心。,1,nan
哈哈哈哈哈哈哈哈哈哈哈哈,0,nan
哈哈哈哈哈哈哈哈哈哈哈哈,0,nan
恶心心的羊角哥,1,nan
护眼护眼护眼护眼护眼护眼护眼护眼,3,nan
恶熏熏,1,nan
护眼护眼护眼护眼护眼护眼护眼护眼,3,nan
哈哈哈哈哈哈哈哈哈哈哈哈,0,nan
恶意满满 我估计不会玩他们任何游戏了 恭喜白米通关,4,nan
饿了这么多天，不瘦才怪,4,nan
红字的那个，尴尬不~,4,nan
护眼护眼护眼护眼护眼护眼护眼护眼(缺德君,3,nan
诶，咋不去做声优,4,nan
哈哈哈哈哈哈哈哈哈哈哈哈,0,nan
而且还无限核能手电了？？,4,nan
护眼护眼护眼护眼护眼护眼护眼护眼护眼啊啊啊啊啊啊啊啊啊啊啊啊啊啊啊啊啊啊啊啊啊啊啊啊啊啊啊啊啊啊啊啊啊啊啊啊啊啊啊啊啊啊啊啊啊啊啊啊啊啊啊啊啊啊啊啊啊弹幕护体弹幕护体弹幕护体弹幕护体弹幕护体弹幕护体乳,3,nan
而且要疯居然不是因为怪，而是因为循环？？？,4,nan
耳机党，表示已聋,1,nan
吼吼，这只是暂时的~,4,nan
护眼护眼护眼护眼护眼护眼护眼护眼护眼护眼,3,nan
耳机党xiaoka,4,nan
耳机党表示废了???????????,1,nan
哈哈哈哈哈哈哈哈哈哈哈哈,0,nan
哈哈哈哈哈哈哈哈哈哈哈哈,0,nan
护眼护眼护眼护眼护眼护眼护眼护眼护眼护眼,3,nan
护眼护眼护眼护眼护眼护眼护眼护眼护眼护眼护眼啊啊啊啊啊啊啊啊啊啊啊啊啊啊啊啊啊啊啊啊啊啊啊啊啊啊啊啊啊啊弹幕护体弹幕护体弹幕护体弹幕护体弹幕护体弹幕护体弹幕护体啊啊啊啊啊啊啊啊啊啊啊啊啊啊啊啊啊啊,3,nan
耳机党表示感觉羊角哥进在眼前。。。。,1,nan
后来又受了,4,nan
耳机党调低音量！调低音量！！调低音量！！！,4,nan
耳机党废了,1,nan
耳机党请调低音量 ,4,nan
耳机党已死,1,nan
哈哈哈哈哈哈哈哈哈哈哈哈,0,nan
护眼护眼护眼护眼护眼护眼护眼护眼护眼护眼护眼啊啊啊啊啊啊啊啊啊啊啊啊啊啊啊啊啊啊啊啊啊啊啊啊啊啊啊救命救命救命救命救命救命救命救命救命救命啊啊啊啊啊啊啊啊啊啊啊啊啊啊啊啊啊弹幕护体弹幕护体弹幕护体啊啊,3,nan
哈哈哈哈哈哈哈哈哈哈哈哈,0,nan
护眼护眼护眼护眼护眼护眼护眼护眼护眼护眼护眼护眼,3,nan
哈哈哈哈哈哈哈哈哈哈哈哈,0,nan
哈哈哈哈哈哈哈哈哈哈哈哈,0,nan
哈哈哈哈哈哈哈哈哈哈哈哈,0,nan
耳机党已阵亡,1,nan
耳机党已阵亡,1,nan
后面，白米会绝望，就是因为这个小娃娃,4,nan
耳机党已阵亡,1,nan
耳机党以阵亡,1,nan
耳机党于12:09阵亡,1,nan
哈哈哈哈哈哈哈哈哈哈哈哈,0,nan
耳机党直接原地起飞,1,nan
二层海拔更高，氧气更稀缺吧233,4,nan
哈哈哈哈哈哈哈哈哈哈哈哈,0,nan
哈哈哈哈哈哈哈哈哈哈哈哈,0,nan
哈哈哈哈哈哈哈哈哈哈哈哈,0,nan
二楼结构完全变了,4,nan
哈哈哈哈哈哈哈哈哈哈哈哈,0,nan
护眼护眼护眼护眼护眼护眼护眼护眼护眼护眼护眼护眼,3,nan
后期护身符会收回,4,nan
哈哈哈哈哈哈哈哈哈哈哈哈,0,nan
二刷！,4,nan
二刷百米得稚能女孩声线,4,nan
后退看了一万遍。。。,4,nan
哈哈哈哈哈哈哈哈哈哈哈哈,0,nan
护眼护眼护眼护眼护眼护眼护眼护眼护眼护眼护眼护眼！！,3,nan
二刷报道,4,nan
护眼护眼护眼护眼护眼护眼护眼护眼护眼护眼护眼护眼护眼啊啊啊啊啊啊啊啊啊啊啊啊啊啊啊啊啊啊啊啊啊啊啊啊啊啊啊啊啊啊啊啊啊啊啊啊啊啊啊啊啊啊啊啊啊啊啊啊啊啊啊啊啊啊啊啊啊啊啊啊啊啊啊啊啊啊啊啊啊啊啊啊啊,3,nan
哈哈哈哈哈哈哈哈哈哈哈哈！,0,nan
哈哈哈哈哈哈哈哈哈哈哈哈xtms,0,nan
护眼护眼护眼护眼护眼护眼护眼护眼护眼护眼护眼护眼护眼护眼,3,nan
哈哈哈哈哈哈哈哈哈哈哈哈都是徐晃死不了,0,nan
哈哈哈哈哈哈哈哈哈哈哈哈嗝,0,nan
哈哈哈哈哈哈哈哈哈哈哈哈哈,0,nan
呼叫狗平  老子好慌,4,nan
哈哈哈哈哈哈哈哈哈哈哈哈哈,0,nan
哈哈哈哈哈哈哈哈哈哈哈哈哈,0,nan
哈哈哈哈哈哈哈哈哈哈哈哈哈,0,nan
哈哈哈哈哈哈哈哈哈哈哈哈哈,0,nan
哈哈哈哈哈哈哈哈哈哈哈哈哈,0,nan
哈哈哈哈哈哈哈哈哈哈哈哈哈,0,nan
哈哈哈哈哈哈哈哈哈哈哈哈哈,0,nan
哈哈哈哈哈哈哈哈哈哈哈哈哈,0,nan
哈哈哈哈哈哈哈哈哈哈哈哈哈,0,nan
护眼护眼护眼护眼护眼护眼护眼护眼护眼护眼护眼护眼护眼护眼,3,nan
护眼护眼护眼护眼护眼护眼护眼护眼护眼护眼护眼护眼护眼护眼,3,nan
哈哈哈哈哈哈哈哈哈哈哈哈哈,0,nan
护眼护眼护眼护眼护眼护眼护眼护眼护眼护眼护眼护眼护眼护眼啊啊啊啊啊啊啊啊啊啊啊啊啊啊啊啊啊啊啊啊啊啊啊啊啊啊啊弹幕护体弹幕护体弹幕护体弹幕护体弹幕护体弹幕护体弹幕护体弹幕护体弹幕护体弹幕护体弹幕护体乳,3,nan
哈哈哈哈哈哈哈哈哈哈哈哈哈,0,nan
护眼护眼护眼护眼护眼护眼护眼护眼护眼护眼护眼护眼护眼护眼护眼啊啊啊啊啊啊啊啊啊啊啊啊啊啊啊啊啊啊啊啊啊啊啊啊啊啊啊啊啊啊啊啊啊啊啊啊啊啊啊啊啊啊啊啊啊啊啊啊啊啊啊啊啊啊啊啊啊啊啊啊啊啊啊啊啊啊啊啊啊,3,nan
哈哈哈哈哈哈哈哈哈哈哈哈哈,0,nan
哈哈哈哈哈哈哈哈哈哈哈哈哈,0,nan
二刷的快来告诉我一下答案,4,nan
二刷刷,4,nan
呼叫护眼小分队,4,nan
哈哈哈哈哈哈哈哈哈哈哈哈哈,0,nan
护身符：看来我只是个装饰品,4,nan
哈哈哈哈哈哈哈哈哈哈哈哈哈,0,nan
哈哈哈哈哈哈哈哈哈哈哈哈哈,0,nan
护眼护眼护眼护眼护眼护眼护眼护眼护眼护眼护眼护眼护眼护眼护眼护眼,3,nan
哈哈哈哈哈哈哈哈哈哈哈哈哈,0,nan
发jntm的弹幕礼仪白学了？再发司马,2,nan
发弹幕的还有我,4,nan
发弹幕看不见米米玩啦,4,nan
发弹幕要打名字吗？？？？,4,nan
护眼护眼护眼护眼护眼护眼护眼护眼护眼护眼护眼护眼护眼护眼护眼护眼,3,nan
哈哈哈哈哈哈哈哈哈哈哈哈哈,0,nan
哈哈哈哈哈哈哈哈哈哈哈哈哈,0,nan
哈哈哈哈哈哈哈哈哈哈哈哈哈,0,nan
发个弹幕,4,nan
护眼护眼护眼护眼护眼护眼护眼护眼护眼护眼护眼护眼护眼护眼护眼护眼,3,nan
护眼护眼护眼护眼护眼护眼护眼护眼护眼护眼护眼护眼护眼护眼护眼护眼护眼,3,nan
哈哈哈哈哈哈哈哈哈哈哈哈哈,0,nan
哈哈哈哈哈哈哈哈哈哈哈哈哈，可怜的米米,0,nan
发个弹幕，防止你们害怕,4,nan
发个弹幕，证明我还活着,4,nan
哈哈哈哈哈哈哈哈哈哈哈哈哈hhhhhhhh或或或或,0,nan
哈哈哈哈哈哈哈哈哈哈哈哈哈hhhhhhhh或或或或或或或或或或或或或或或,0,nan
护身符不断减少，我究竟错过了什么,4,nan
护眼护眼护眼护眼护眼护眼护眼护眼护眼护眼护眼护眼护眼护眼护眼护眼护眼护眼护眼护眼护眼护眼！！！,3,nan
发个弹幕缓解一下,4,nan
发个弹幕见证当下,4,nan
护身符发光，羊角哥寻找光，所以白米会死,4,nan
哈哈哈哈哈哈哈哈哈哈哈哈哈hhhhhhhh或或或或或或或或或或或或或或或或或或,0,nan
哈哈哈哈哈哈哈哈哈哈哈哈哈hhhhhhhh或或或或或或或或或或或或或或或或或或或或或或或或,0,nan
哈哈哈哈哈哈哈哈哈哈哈哈哈hhhhhh或,0,nan
发个弹幕见证当下,4,nan
发个弹幕来看看。,4,nan
哈哈哈哈哈哈哈哈哈哈哈哈哈啊啊啊,0,nan
发个弹幕证明我的存在,4,nan
哈哈哈哈哈哈哈哈哈哈哈哈哈嗝,0,nan
发个弹幕证明我在,4,nan
护眼护眼护眼护眼护眼护眼护眼护眼护眼护眼护眼护眼护眼护眼护眼护眼护眼护眼护眼护眼护眼护眼啊啊啊啊啊啊啊啊啊啊啊啊啊啊啊啊啊啊啊啊啊啊啊啊啊啊啊啊啊啊啊啊啊啊啊啊啊啊啊弹幕护体弹幕护体弹幕护体弹幕护体重,3,nan
发个顶端？,4,nan
发个友善的弹幕见证当下,4,nan
发抛?,4,nan
哈哈哈哈哈哈哈哈哈哈哈哈哈哈,0,nan
发抛?,4,nan
哈哈哈哈哈哈哈哈哈哈哈哈哈哈,0,nan
护眼护眼护眼护眼护眼护眼护眼护眼护眼护眼护眼护眼护眼护眼护眼护眼护眼护眼护眼护眼护眼护眼护眼,3,nan
哈哈哈哈哈哈哈哈哈哈哈哈哈哈,0,nan
哈哈哈哈哈哈哈哈哈哈哈哈哈哈,0,nan
哈哈哈哈哈哈哈哈哈哈哈哈哈哈,0,nan
哈哈哈哈哈哈哈哈哈哈哈哈哈哈,0,nan
哈哈哈哈哈哈哈哈哈哈哈哈哈哈,0,nan
护眼护眼护眼护眼护眼护眼护眼护眼护眼护眼护眼护眼护眼护眼护眼护眼护眼护眼护眼护眼护眼护眼护眼护眼护眼,3,nan
哈哈哈哈哈哈哈哈哈哈哈哈哈哈,0,nan
哈哈哈哈哈哈哈哈哈哈哈哈哈哈,0,nan
发抛?,4,nan
哈哈哈哈哈哈哈哈哈哈哈哈哈哈,0,nan
护眼护眼护眼护眼护眼护眼护眼护眼护眼护眼护眼护眼护眼护眼护眼护眼护眼护眼护眼护眼护眼护眼护眼护眼护眼,3,nan
发抛?,4,nan
发条弹幕护体,4,nan
护眼护眼护眼护眼护眼护眼护眼护眼护眼护眼护眼护眼护眼护眼护眼护眼护眼护眼护眼护眼护眼护眼护眼护眼护眼,3,nan
护眼护眼护眼护眼护眼护眼护眼护眼护眼护眼护眼护眼护眼护眼护眼护眼护眼护眼护眼护眼护眼护眼护眼护眼护眼,3,nan
护身符好像还没用过,4,nan
法杖高能预警。这不是演习！！！,4,nan
哈哈哈哈哈哈哈哈哈哈哈哈哈哈,0,nan
哈哈哈哈哈哈哈哈哈哈哈哈哈哈,0,nan
翻攻略,4,nan
烦死了就滚,2,nan
护眼护眼护眼护眼护眼护眼护眼护眼护眼护眼护眼护眼护眼护眼护眼护眼护眼护眼护眼护眼护眼护眼护眼护眼护眼,3,nan
哈哈哈哈哈哈哈哈哈哈哈哈哈哈,0,nan
哈哈哈哈哈哈哈哈哈哈哈哈哈哈,0,nan
哈哈哈哈哈哈哈哈哈哈哈哈哈哈,0,nan
反复反复,4,nan
哈哈哈哈哈哈哈哈哈哈哈哈哈哈,0,nan
哈哈哈哈哈哈哈哈哈哈哈哈哈哈,0,nan
哈哈哈哈哈哈哈哈哈哈哈哈哈哈,0,nan
哈哈哈哈哈哈哈哈哈哈哈哈哈哈,0,nan
反复无常的女人,4,nan
哈哈哈哈哈哈哈哈哈哈哈哈哈哈,0,nan
哈哈哈哈哈哈哈哈哈哈哈哈哈哈,0,nan
反感的逼你看了？自己在这找罪受怪谁？,2,nan
反感的话，你请赶紧出去。我看你更恶心,2,nan
哈哈哈哈哈哈哈哈哈哈哈哈哈哈,0,nan
哈哈哈哈哈哈哈哈哈哈哈哈哈哈,0,nan
哈哈哈哈哈哈哈哈哈哈哈哈哈哈,0,nan
护眼护眼护眼护眼护眼护眼护眼护眼护眼护眼护眼护眼护眼护眼护眼护眼护眼护眼护眼护眼护眼护眼护眼护眼护眼,3,nan
护眼护眼护眼护眼护眼护眼护眼护眼护眼护眼护眼护眼护眼护眼护眼护眼护眼护眼护眼护眼护眼护眼护眼护眼护眼,3,nan
哈哈哈哈哈哈哈哈哈哈哈哈哈哈,0,nan
反曼陀罗阵,4,nan
哈哈哈哈哈哈哈哈哈哈哈哈哈哈,0,nan
反正就是不用护身符,4,nan
反正路痴从头懵到尾，看哪都一样,4,nan
护身符可能已经被用完了,4,nan
哈哈哈哈哈哈哈哈哈哈哈哈哈哈,0,nan
护眼护眼护眼护眼护眼护眼护眼护眼护眼护眼护眼护眼护眼护眼护眼护眼护眼护眼护眼护眼护眼护眼护眼护眼护眼,3,nan
哈哈哈哈哈哈哈哈哈哈哈哈哈哈,0,nan
哈哈哈哈哈哈哈哈哈哈哈哈哈哈,0,nan
哈哈哈哈哈哈哈哈哈哈哈哈哈哈,0,nan
哈哈哈哈哈哈哈哈哈哈哈哈哈哈,0,nan
反正我看了也不一定能找到路,4,nan
返祖现象,4,nan
哈哈哈哈哈哈哈哈哈哈哈哈哈哈,0,nan
返祖现象,4,nan
护身符没了,4,nan
哈哈哈哈哈哈哈哈哈哈哈哈哈哈,0,nan
方,4,nan
哈哈哈哈哈哈哈哈哈哈哈哈哈哈,0,nan
护身符没了?,4,nan
哈哈哈哈哈哈哈哈哈哈哈哈哈哈,0,nan
哈哈哈哈哈哈哈哈哈哈哈哈哈哈,0,nan
护眼护眼护眼护眼护眼护眼护眼护眼护眼护眼护眼护眼护眼护眼护眼护眼护眼护眼护眼护眼护眼护眼护眼护眼护眼护眼,3,nan
护身符没了是 bug,4,nan
护身符没了哟~,4,nan
哈哈哈哈哈哈哈哈哈哈哈哈哈哈,0,nan
方便特别不容置疑你天天一部分54554@.45,4,nan
护眼护眼护眼护眼护眼护眼护眼护眼护眼护眼护眼护眼护眼护眼护眼护眼护眼护眼护眼护眼护眼护眼护眼护眼护眼护眼,3,nan
哈哈哈哈哈哈哈哈哈哈哈哈哈哈,0,nan
哈哈哈哈哈哈哈哈哈哈哈哈哈哈,0,nan
方言吗,4,nan
防腐剂,4,nan
护身符拿来等着发霉。,4,nan
护眼护眼护眼护眼护眼护眼护眼护眼护眼护眼护眼护眼护眼护眼护眼护眼护眼护眼护眼护眼护眼护眼护眼护眼护眼护眼,3,nan
防火  防盗  防小姐姐,4,nan
哈哈哈哈哈哈哈哈哈哈哈哈哈哈,0,nan
哈哈哈哈哈哈哈哈哈哈哈哈哈哈,0,nan
护眼护眼护眼护眼护眼护眼护眼护眼护眼护眼护眼护眼护眼护眼护眼护眼护眼护眼护眼护眼护眼护眼护眼护眼护眼护眼,3,nan
防止你们不害怕，发个弹幕,4,nan
护眼护眼护眼护眼护眼护眼护眼护眼护眼护眼护眼护眼护眼护眼护眼护眼护眼护眼护眼护眼护眼护眼护眼护眼护眼护眼弹幕护体弹幕护体弹幕护体弹幕护体弹幕护体弹幕护体弹幕护体弹幕护体弹幕护体弹幕护体弹幕护体弹幕护体,3,nan
哈哈哈哈哈哈哈哈哈哈哈哈哈哈,0,nan
哈哈哈哈哈哈哈哈哈哈哈哈哈哈,0,nan
哈哈哈哈哈哈哈哈哈哈哈哈哈哈,0,nan
护身符呢,4,nan
护身符呢,4,nan
房间结构还变了？,4,nan
房间进去左手边蹲下进去拿奖章，不能开灯，撒旦就在,4,nan
护身符呢,4,nan
护眼护眼护眼护眼护眼护眼护眼护眼护眼护眼护眼护眼护眼护眼护眼护眼护眼护眼护眼护眼护眼护眼护眼护眼护眼护眼护眼,3,nan
房间星座变了,4,nan
护身符呢,4,nan
房子大闹鬼,4,nan
哈哈哈哈哈哈哈哈哈哈哈哈哈哈,0,nan
哈哈哈哈哈哈哈哈哈哈哈哈哈哈,0,nan
哈哈哈哈哈哈哈哈哈哈哈哈哈哈,0,nan
房子里散步？是个狠人,4,nan
护眼护眼护眼护眼护眼护眼护眼护眼护眼护眼护眼护眼护眼护眼护眼护眼护眼护眼护眼护眼护眼护眼护眼护眼护眼护眼护眼护眼护眼护眼护眼,3,nan
房子斜了？,4,nan
护眼护眼护眼护眼护眼护眼护眼护眼护眼护眼护眼护眼护眼护眼护眼护眼护眼护眼护眼护眼护眼护眼护眼护眼护眼护眼护眼护眼护眼护眼护眼,3,nan
哈哈哈哈哈哈哈哈哈哈哈哈哈哈,0,nan
护眼护眼护眼护眼护眼护眼护眼护眼护眼护眼护眼护眼护眼护眼护眼护眼护眼护眼护眼护眼护眼护眼护眼护眼护眼护眼护眼护眼护眼护眼护眼,3,nan
哈哈哈哈哈哈哈哈哈哈哈哈哈哈,0,nan
仿佛被糟蹋了,4,nan
仿佛再用生命吓唬我们,4,nan
哈哈哈哈哈哈哈哈哈哈哈哈哈哈,0,nan
哈哈哈哈哈哈哈哈哈哈哈哈哈哈,0,nan
哈哈哈哈哈哈哈哈哈哈哈哈哈哈,0,nan
哈哈哈哈哈哈哈哈哈哈哈哈哈哈,0,nan
护眼护眼护眼护眼护眼护眼护眼护眼护眼护眼护眼护眼护眼护眼护眼护眼护眼护眼护眼护眼护眼护眼护眼护眼护眼护眼护眼护眼护眼护眼护眼,3,nan
放 尼 玛 的 屁 个 女 孩 子,2,nan
护身符呢,4,nan
放HOP,4,nan
放板咂他！,4,nan
护身符少了2个(*/ω＼*),4,nan
护身符少了两个,4,nan
哈哈哈哈哈哈哈哈哈哈哈哈哈哈,0,nan
哈哈哈哈哈哈哈哈哈哈哈哈哈哈,0,nan
哈哈哈哈哈哈哈哈哈哈哈哈哈哈,0,nan
哈哈哈哈哈哈哈哈哈哈哈哈哈哈,0,nan
哈哈哈哈哈哈哈哈哈哈哈哈哈哈,0,nan
放板咂他！！！！,4,nan
哈哈哈哈哈哈哈哈哈哈哈哈哈哈,0,nan
哈哈哈哈哈哈哈哈哈哈哈哈哈哈，不小心笑出声,0,nan
哈哈哈哈哈哈哈哈哈哈哈哈哈哈，原谅我不厚道的笑,0,nan
哈哈哈哈哈哈哈哈哈哈哈哈哈哈fff团,0,nan
哈哈哈哈哈哈哈哈哈哈哈哈哈哈scp,0,nan
护眼护眼护眼护眼护眼护眼护眼护眼护眼护眼护眼护眼护眼护眼护眼护眼护眼护眼护眼护眼护眼护眼护眼护眼护眼护眼护眼护眼护眼护眼护眼,3,nan
护身符少了两个。,4,nan
护眼护眼护眼护眼护眼护眼护眼护眼护眼护眼护眼护眼护眼护眼护眼护眼护眼护眼护眼护眼护眼护眼护眼护眼护眼护眼护眼护眼护眼护眼护眼,3,nan
放广播体操的音乐,4,nan
放火烧山 牢底坐穿,4,nan
护眼护眼护眼护眼护眼护眼护眼护眼护眼护眼护眼护眼护眼护眼护眼护眼护眼护眼护眼护眼护眼护眼护眼护眼护眼护眼护眼护眼护眼护眼护眼,3,nan
哈哈哈哈哈哈哈哈哈哈哈哈哈哈up自我安慰,0,nan
放火烧山牢底坐穿,4,nan
护身符少了一个,4,nan
哈哈哈哈哈哈哈哈哈哈哈哈哈哈啊啊关门啊啊关门,0,nan
哈哈哈哈哈哈哈哈哈哈哈哈哈哈不记得,0,nan
护眼护眼护眼护眼护眼护眼护眼护眼护眼护眼护眼护眼护眼护眼护眼护眼护眼护眼护眼护眼护眼护眼护眼护眼护眼护眼护眼护眼护眼护眼护眼,3,nan
放屁，是女的，我帮她打的游戏,4,nan
哈哈哈哈哈哈哈哈哈哈哈哈哈哈弹幕啊,0,nan
哈哈哈哈哈哈哈哈哈哈哈哈哈哈第四件,0,nan
护眼护眼护眼护眼护眼护眼护眼护眼护眼护眼护眼护眼护眼护眼护眼护眼护眼护眼护眼护眼护眼护眼护眼护眼护眼护眼护眼护眼护眼护眼护眼,3,nan
放心食用个鬼，再回来的时候它就变成小姐姐了,4,nan
放一个牛角包在里面,4,nan
放孜然,4,nan
哈哈哈哈哈哈哈哈哈哈哈哈哈哈哈,0,nan
非常不厚道地笑出了声,4,nan
非静止画面,4,nan
哈哈哈哈哈哈哈哈哈哈哈哈哈哈哈,0,nan
哈哈哈哈哈哈哈哈哈哈哈哈哈哈哈,0,nan
哈哈哈哈哈哈哈哈哈哈哈哈哈哈哈,0,nan
哈哈哈哈哈哈哈哈哈哈哈哈哈哈哈,0,nan
护身符少了一个！,4,nan
非要皮,4,nan
护眼护眼护眼护眼护眼护眼护眼护眼护眼护眼护眼护眼护眼护眼护眼护眼护眼护眼护眼护眼护眼护眼护眼护眼护眼护眼护眼护眼护眼护眼护眼,3,nan
哈哈哈哈哈哈哈哈哈哈哈哈哈哈哈,0,nan
哈哈哈哈哈哈哈哈哈哈哈哈哈哈哈,0,nan
哈哈哈哈哈哈哈哈哈哈哈哈哈哈哈,0,nan
非要说别人装的请不要看ok?,2,nan
哈哈哈哈哈哈哈哈哈哈哈哈哈哈哈,0,nan
非要找出幺蛾子,4,nan
护眼护眼护眼护眼护眼护眼护眼护眼护眼护眼护眼护眼护眼护眼护眼护眼护眼护眼护眼护眼护眼护眼护眼护眼护眼护眼护眼护眼护眼护眼护眼,3,nan
哈哈哈哈哈哈哈哈哈哈哈哈哈哈哈,0,nan
非战斗人员赶快撤离,4,nan
非战斗人员快速撤离前方高能！！！！！,4,nan
非战斗人员请撤离,4,nan
哈哈哈哈哈哈哈哈哈哈哈哈哈哈哈,0,nan
哈哈哈哈哈哈哈哈哈哈哈哈哈哈哈,0,nan
哈哈哈哈哈哈哈哈哈哈哈哈哈哈哈,0,nan
哈哈哈哈哈哈哈哈哈哈哈哈哈哈哈,0,nan
护眼护眼护眼护眼护眼护眼护眼护眼护眼护眼护眼护眼护眼护眼护眼护眼护眼护眼护眼护眼护眼护眼护眼护眼护眼护眼护眼护眼护眼护眼护眼啊啊啊啊啊啊啊啊啊啊啊啊啊啊啊啊啊啊啊啊啊啊啊啊啊啊啊啊啊啊啊啊啊啊啊啊啊啊,3,nan
非战斗人员请撤离,4,nan
护眼护眼护眼护眼护眼护眼护眼护眼护眼护眼护眼护眼护眼护眼护眼护眼护眼护眼护眼护眼护眼护眼护眼护眼护眼护眼护眼护眼护眼护眼护眼护眼护眼护眼护眼护眼,3,nan
护身符什么时候少了一个,4,nan
哈哈哈哈哈哈哈哈哈哈哈哈哈哈哈,0,nan
护眼护眼护眼护眼护眼护眼护眼护眼护眼护眼护眼护眼护眼护眼护眼护眼护眼护眼护眼护眼护眼护眼护眼护眼护眼护眼护眼护眼护眼护眼护眼护眼护眼护眼护眼护眼护眼,3,nan
护眼护眼护眼护眼护眼护眼护眼护眼君,3,nan
非战斗人员请撤离,4,nan
哈哈哈哈哈哈哈哈哈哈哈哈哈哈哈,0,nan
非战斗人员请撤离,4,nan
非战斗人员请撤离,4,nan
哈哈哈哈哈哈哈哈哈哈哈哈哈哈哈,0,nan
哈哈哈哈哈哈哈哈哈哈哈哈哈哈哈,0,nan
护眼护眼护眼护眼模式啊啊啊啊啊啊啊啊啊啊啊啊啊啊啊啊啊啊啊啊弹幕护体弹幕护体弹幕护体弹幕护体弹幕护体弹幕护体弹幕护体弹幕护体啊啊啊啊啊啊啊啊啊啊啊啊啊啊啊啊啊啊啊啊啊啊啊啊啊啊啊啊啊啊啊啊啊啊啊啊啊,3,nan
哈哈哈哈哈哈哈哈哈哈哈哈哈哈哈,0,nan
哈哈哈哈哈哈哈哈哈哈哈哈哈哈哈,0,nan
哈哈哈哈哈哈哈哈哈哈哈哈哈哈哈,0,nan
护眼护眼台灯,3,nan
护眼君在此，开始施工,3,nan
非战斗人员请撤离,4,nan
护眼君在这里,3,nan
哈哈哈哈哈哈哈哈哈哈哈哈哈哈哈,0,nan
哈哈哈哈哈哈哈哈哈哈哈哈哈哈哈哈,0,nan
护身符又少,4,nan
非战斗人员请撤离,4,nan
哈哈哈哈哈哈哈哈哈哈哈哈哈哈哈哈,0,nan
非战斗人员请撤离,4,nan
非战斗人员请撤离,4,nan
非战斗人员请撤离,4,nan
哈哈哈哈哈哈哈哈哈哈哈哈哈哈哈哈,0,nan
非战斗人员请撤离,4,nan
非战斗人员请撤离,4,nan
非战斗人员请撤离！！！,4,nan
非战斗人员迅速撤离！！！！,4,nan
非正常拍摄,4,nan
非专业人员请快速离开战场（缺德君预警）,4,nan
肥手，掏！掏啥？,4,nan
废话，那啥都那啥了，能不喜欢吗？「手动滑稽」,4,nan
废话吗,4,nan
废了,4,nan
费脑的游戏,4,nan
分分钟打脸啊,4,nan
哈哈哈哈哈哈哈哈哈哈哈哈哈哈哈哈,0,nan
分开作死 当然了,4,nan
分明是联通的植入广告,4,nan
分手应该体面，谁都不要说抱歉,4,nan
分头行动,4,nan
粉色高能军：我自己被我耳机的音效吓到了,4,nan
粉丝见面会是魔鬼吗，哈哈哈,4,nan
粉字是魔鬼吗,4,nan
粪（愤）怒,4,nan
封弊者接受挑战,4,nan
护眼君准备就绪,3,nan
疯狂暗示,4,nan
疯狂穿模,4,nan
疯狂的米米,4,nan
哈哈哈哈哈哈哈哈哈哈哈哈哈哈哈哈,0,nan
疯狂虐路痴,4,nan
哈哈哈哈哈哈哈哈哈哈哈哈哈哈哈哈,0,nan
护眼模式，欢迎复制███████████████████████████████████████████████████████████████████████████████████ ,3,nan
疯狂劝说男主,4,nan
疯狂走位,4,nan
疯狂作死,4,nan
疯狂作死,4,nan
疯了？,4,nan
疯了疯了,4,nan
哈哈哈哈哈哈哈哈哈哈哈哈哈哈哈哈,0,nan
疯了疯了,4,nan
疯球儿了。,4,nan
敷衍男孩,4,nan
伏地魔,4,nan
伏都教,4,nan
伏都教又名巫毒教，是真实存在的………………,4,nan
扶她特效因素,4,nan
哈哈哈哈哈哈哈哈哈哈哈哈哈哈哈哈,0,nan
哈哈哈哈哈哈哈哈哈哈哈哈哈哈哈哈,0,nan
护眼小分队！开始行动！啊啊啊啊啊啊啊啊啊啊啊啊啊啊啊啊啊啊啊啊啊啊啊啊啊啊啊啊啊啊啊啊啊啊啊啊啊啊啊啊啊啊啊啊啊啊啊啊啊啊啊啊啊啊啊啊啊啊啊啊啊啊弹幕护体弹幕护体弹幕护体弹幕护体弹幕护体弹幕护体弹幕啊,3,nan
佛系且淡然的米,4,nan
护身符又少了,4,nan
服了你了都，几次了都说不烧不能存档，你还去，服了,1,nan
符咒啊大哥,4,nan
哈哈哈哈哈哈哈哈哈哈哈哈哈哈哈哈,0,nan
护眼小分队，行动,3,nan
符咒不是十二个么,4,nan
哈哈哈哈哈哈哈哈哈哈哈哈哈哈哈哈,0,nan
符咒会不会是护身符，毕竟护身符不算开头cg的只用了一个,4,nan
哈哈哈哈哈哈哈哈哈哈哈哈哈哈哈哈,0,nan
护身符又少了,4,nan
符咒可以用上面火炉也能烧，为什么就不呢，唉。。,2,nan
符咒烧了会不会也得钥匙啊,4,nan
符咒要留着,4,nan
附身符？,4,nan
复读机,4,nan
富贵色是认真的？,4,nan
哈哈哈哈哈哈哈哈哈哈哈哈哈哈哈哈啊哈哈哈,0,nan
哈哈哈哈哈哈哈哈哈哈哈哈哈哈哈哈都是徐晃,0,nan
富米，抱大腿,4,nan
富强河蟹,4,nan
护眼小分队护眼小分队护眼小分队,3,nan
护身符又少了两个,4,nan
哈哈哈哈哈哈哈哈哈哈哈哈哈哈哈哈哈,0,nan
该，非要走的那么慢,2,nan
该说什么好,4,nan
该死的，,4,nan
该死的标题,4,nan
该死的话多男主,4,nan
哈哈哈哈哈哈哈哈哈哈哈哈哈哈哈哈哈,0,nan
该死的话多男主,4,nan
护眼小分队护眼小分队护眼小分队,3,nan
哈哈哈哈哈哈哈哈哈哈哈哈哈哈哈哈哈,0,nan
哈哈哈哈哈哈哈哈哈哈哈哈哈哈哈哈哈,0,nan
哈哈哈哈哈哈哈哈哈哈哈哈哈哈哈哈哈,0,nan
护眼小分队护眼小分队护眼小分队,3,nan
该要你吗?,4,nan
盖板，翻窗,4,nan
盖住屏幕,4,nan
哈哈哈哈哈哈哈哈哈哈哈哈哈哈哈哈哈，日常嘲笑,0,nan
哈哈哈哈哈哈哈哈哈哈哈哈哈哈哈哈哈哈,0,nan
肝帝!,4,nan
护眼小分队护眼小分队护眼小分队,3,nan
哈哈哈哈哈哈哈哈哈哈哈哈哈哈哈哈哈哈,0,nan
护眼小分队预备备,3,nan
护眼小分队准备!,3,nan
护眼小分队准备开始施工,3,nan
護眼護眼護眼護眼護眼護眼護眼護眼護眼護眼護眼護眼,3,nan
赶紧烧啊,4,nan
感到反感可以不看啊,2,nan
感光裸怪,4,nan
感光诈尸,4,nan
哈哈哈哈哈哈哈哈哈哈哈哈哈哈哈哈哈哈,0,nan
哈哈哈哈哈哈哈哈哈哈哈哈哈哈哈哈哈哈,0,nan
哈哈哈哈哈哈哈哈哈哈哈哈哈哈哈哈哈哈,0,nan
感觉up做这个视频要花几倍的时间捋素材所以护身符数量会乱,4,nan
花城护体花城护体花城护体花城护体花城护体花城护体花城护体花城护体花城护体花城护体,4,nan
护身符又少一个,4,nan
护身符又少一个,4,nan
哈哈哈哈哈哈哈哈哈哈哈哈哈哈哈哈哈哈过于草哈哈哈哈哈哈哈哈哈,0,nan
哈哈哈哈哈哈哈哈哈哈哈哈哈哈哈哈哈哈哈,0,nan
哈哈哈哈哈哈哈哈哈哈哈哈哈哈哈哈哈哈哈,0,nan
哈哈哈哈哈哈哈哈哈哈哈哈哈哈哈哈哈哈哈,0,nan
感觉白米声音逐渐变攻,4,nan
哈哈哈哈哈哈哈哈哈哈哈哈哈哈哈哈哈哈哈,0,nan
感觉白米玩的跟自己家一样了,4,nan
哈哈哈哈哈哈哈哈哈哈哈哈哈哈哈哈哈哈哈,0,nan
护身符又只有两个了。,4,nan
花瓶吓人啊……,4,nan
感觉层层恐惧好无聊,4,nan
花瓶真的吓了一跳,4,nan
哈哈哈哈哈哈哈哈哈哈哈哈哈哈哈哈哈哈哈,0,nan
华容道？,4,nan
感觉刚刚那个面具石头人就是带上面具才死掉的,4,nan
感觉高能君并不多,4,nan
画面左边那条手臂，是右臂，谢谢,4,nan
话说不是有地图吗,4,nan
哈哈哈哈哈哈哈哈哈哈哈哈哈哈哈哈哈哈哈,0,nan
护身符越来越难找了,4,nan
哈哈哈哈哈哈哈哈哈哈哈哈哈哈哈哈哈哈哈,0,nan
哈哈哈哈哈哈哈哈哈哈哈哈哈哈哈哈哈哈哈,0,nan
哈哈哈哈哈哈哈哈哈哈哈哈哈哈哈哈哈哈哈,0,nan
哈哈哈哈哈哈哈哈哈哈哈哈哈哈哈哈哈哈哈,0,nan
护身符怎么变少了,4,nan
哈哈哈哈哈哈哈哈哈哈哈哈哈哈哈哈哈哈哈,0,nan
感觉高能每次都是米米的尖叫,4,nan
感觉好矮,4,nan
感觉很多恐怖游戏和电影里的角色名字都有肖字啊,4,nan
感觉后面要被up的声音吓死,4,nan
哈哈哈哈哈哈哈哈哈哈哈哈哈哈哈哈哈哈哈,0,nan
感觉浪费了一个符,4,nan
哈哈哈哈哈哈哈哈哈哈哈哈哈哈哈哈哈哈哈,0,nan
感觉那两个羊角的房间有高能,4,nan
哈哈哈哈哈哈哈哈哈哈哈哈哈哈哈哈哈哈哈,0,nan
话说这时小姐姐突然出现就好玩了,4,nan
哈哈哈哈哈哈哈哈哈哈哈哈哈哈哈哈哈哈哈,0,nan
护身符这辈子不用,4,nan
怀里抱着猫的我丝毫不慌,4,nan
怀疑那个头是个bug,4,nan
感觉你要gay啊，滑稽,4,nan
哈哈哈哈哈哈哈哈哈哈哈哈哈哈哈哈哈哈哈,0,nan
感觉像泡沫音,4,nan
哈哈哈哈哈哈哈哈哈哈哈哈哈哈哈哈哈哈哈,0,nan
哈哈哈哈哈哈哈哈哈哈哈哈哈哈哈哈哈哈哈,0,nan
护身符这么不舍得？,4,nan
哈哈哈哈哈哈哈哈哈哈哈哈哈哈哈哈哈哈哈,0,nan
感觉有点说话让人不舒服，撤了,1,nan
感觉有点无聊……但高能的剧情又好好看,4,nan
哈哈哈哈哈哈哈哈哈哈哈哈哈哈哈哈哈哈哈,0,nan
哈哈哈哈哈哈哈哈哈哈哈哈哈哈哈哈哈哈哈,0,nan
哈哈哈哈哈哈哈哈哈哈哈哈哈哈哈哈哈哈哈,0,nan
感觉这个游戏的鬼怪都是严重放水的，不然主角死了多少次了,4,nan
哈哈哈哈哈哈哈哈哈哈哈哈哈哈哈哈哈哈哈哈,0,nan
感觉主人公腰好瘦啊，我要羡慕了,4,nan
感受到满满的恶意,4,nan
缓缓打出一个…？,4,nan
干巴爹,4,nan
缓缓地打出一个？,4,nan
幻觉别怕，本人亲测，就是耽误时间,4,nan
哈哈哈哈哈哈哈哈哈哈哈哈哈哈哈哈哈哈哈哈,0,nan
幻境,4,nan
干就完了,4,nan
幻境,4,nan
哈哈哈哈哈哈哈哈哈哈哈哈哈哈哈哈哈哈哈哈,0,nan
换我我也看，这房子大到脑阔疼,4,nan
慌,1,nan
护身符只有2个了吧,4,nan
慌,1,nan
哈哈哈哈哈哈哈哈哈哈哈哈哈哈哈哈哈哈哈哈,0,nan
哈哈哈哈哈哈哈哈哈哈哈哈哈哈哈哈哈哈哈哈,0,nan
慌,1,nan
干就完了,4,nan
干就完了,4,nan
干哭,4,nan
哈哈哈哈哈哈哈哈哈哈哈哈哈哈哈哈哈哈哈哈,0,nan
慌得一批,1,nan
哈哈哈哈哈哈哈哈哈哈哈哈哈哈哈哈哈哈哈哈。好心疼，但又想笑，哈哈哈哈哈哈哈哈哈哈哈哈哈哈哈哈哈哈,0,nan
护身符中暑了,4,nan
哈哈哈哈哈哈哈哈哈哈哈哈哈哈哈哈哈哈哈哈啊哈哈哈哈哈哈哈哈哈哈啊哈哈哈哈哈哈哈哈哈哈哈哈哈哈哈哈哈哈哈,0,nan
慌得一批,1,nan
哈哈哈哈哈哈哈哈哈哈哈哈哈哈哈哈哈哈哈哈哈,0,nan
哈哈哈哈哈哈哈哈哈哈哈哈哈哈哈哈哈哈哈哈哈,0,nan
干哭不说话,4,nan
哈哈哈哈哈哈哈哈哈哈哈哈哈哈哈哈哈哈哈哈哈,0,nan
干嘛不开灯,4,nan
哈哈哈哈哈哈哈哈哈哈哈哈哈哈哈哈哈哈哈哈哈,0,nan
慌得一批,1,nan
干嘛不用留来过年？,4,nan
干嘛要一直纠结攻略什么的……整个房子这么大看攻略也能理解啊。,2,nan
干嘛要作这个死,2,nan
哈哈哈哈哈哈哈哈哈哈哈哈哈哈哈哈哈哈哈哈哈啊哈哈哈哈哈哈哈哈哈哈哈哈哈（发出猪叫）,0,nan
护身符终章打boos要用到,4,nan
护体。高能预警,4,nan
干嘛转头啊你们！！,2,nan
慌得一批,1,nan
哈哈哈哈哈哈哈哈哈哈哈哈哈哈哈哈哈哈哈哈哈白米要笑死我,0,nan
凎他,4,nan
淦！,4,nan
淦！,4,nan
淦！,4,nan
慌得一批,1,nan
淦！、,4,nan
刚才弹幕没盖住啊,4,nan
哈哈哈哈哈哈哈哈哈哈哈哈哈哈哈哈哈哈哈哈哈哈,0,nan
慌得一批,1,nan
护眼小分队准备施工。,4,nan
刚才的盒子一直点住鼠标可以打开，里面也有一个护身符,4,nan
哈哈哈哈哈哈哈哈哈哈哈哈哈哈哈哈哈哈哈哈哈哈,0,nan
刚才的书是神器吗？,4,nan
刚才就该把头放到火里试试,4,nan
哈哈哈哈哈哈哈哈哈哈哈哈哈哈哈哈哈哈哈哈哈哈,0,nan
刚才剧情没看了？,4,nan
哈哈哈哈哈哈哈哈哈哈哈哈哈哈哈哈哈哈哈哈哈哈,0,nan
刚才那个核出来挨打。,4,nan
哈哈哈哈哈哈哈哈哈哈哈哈哈哈哈哈哈哈哈哈哈哈,0,nan
刚才那个是假高能吗,4,nan
刚才那个是在喝浴缸水？,4,nan
哈哈哈哈哈哈哈哈哈哈哈哈哈哈哈哈哈哈哈哈哈哈,0,nan
刚才你丢了,4,nan
慌得一批,1,nan
慌得一批,1,nan
哈哈哈哈哈哈哈哈哈哈哈哈哈哈哈哈哈哈哈哈哈哈哈,0,nan
哈哈哈哈哈哈哈哈哈哈哈哈哈哈哈哈哈哈哈哈哈哈哈,0,nan
花花护体！怜怜护体！风师娘娘护体！羡羡护体！！！花花保护我！太子殿下保护我呀！,4,nan
慌得一批,1,nan
哈哈哈哈哈哈哈哈哈哈哈哈哈哈哈哈哈哈哈哈哈哈哈哈,0,nan
刚才谁说的不玩了,4,nan
哈哈哈哈哈哈哈哈哈哈哈哈哈哈哈哈哈哈哈哈哈哈哈哈,0,nan
刚才要么去撒旦之子那里因为那里有剧情，要么就是用护身符,4,nan
慌得一批,1,nan
哈哈哈哈哈哈哈哈哈哈哈哈哈哈哈哈哈哈哈哈哈哈哈哈,0,nan
慌得一批,1,nan
刚才应该是最后一句恶（mo）灵（ai）退（lao）散（zi）了吧,4,nan
慌的一批,1,nan
哈哈哈哈哈哈哈哈哈哈哈哈哈哈哈哈哈哈哈哈哈哈哈哈哈,0,nan
哈哈哈哈哈哈哈哈哈哈哈哈哈哈哈哈哈哈哈哈哈哈哈哈哈哈,0,nan
刚才紫色高能君下线了～没什么发生吧,4,nan
哈哈哈哈哈哈哈哈哈哈哈哈哈哈哈哈哈哈哈哈哈哈哈哈哈哈,0,nan
哈哈哈哈哈哈哈哈哈哈哈哈哈哈哈哈哈哈哈哈哈哈哈哈哈哈,0,nan
哈哈哈哈哈哈哈哈哈哈哈哈哈哈哈哈哈哈哈哈哈哈哈哈哈哈,0,nan
刚刚把门关了,4,nan
刚刚不是可以操作吗,4,nan
刚刚不是自动保存了吗,4,nan
刚刚的红字们，我想你们是射手座吧！前面你们也这么做过，还反过来说我们，真不要脸,2,nan
刚刚高能军去哪了？？,4,nan
刚刚攻了,4,nan
慌的一批,1,nan
刚刚拉的幕布那个地方吗,4,nan
哈哈哈哈哈哈哈哈哈哈哈哈哈哈哈哈哈哈哈哈哈哈哈哈哈哈哈,0,nan
刚刚楼下不是有一个处女座的门吗,4,nan
慌的一批,1,nan
花容失色,4,nan
慌乱之中完全忘了护身符的存在,4,nan
哈哈哈哈哈哈哈哈哈哈哈哈哈哈哈哈哈哈哈哈哈哈哈哈哈哈哈,0,nan
黄衣哈斯塔是你吗,4,nan
刚刚那个说最后一个神器是手电的是魔鬼吗,4,nan
哈哈哈哈哈哈哈哈哈哈哈哈哈哈哈哈哈哈哈哈哈哈哈哈哈哈哈,0,nan
黄字君为大家保护眼睛啊啊啊啊啊啊啊啊啊啊啊啊啊啊啊啊啊啊啊啊啊啊啊啊啊啊啊啊啊啊啊啊啊弹幕护体弹幕护体弹幕护体弹幕护体弹幕护体弹幕护体弹幕护体弹幕护体弹幕护体弹幕护体弹幕护体弹幕护体弹幕护体弹幕护体啊,3,nan
刚刚那个只是米尝试打开狮子座门,4,nan
哈哈哈哈哈哈哈哈哈哈哈哈哈哈哈哈哈哈哈哈哈哈哈哈哈哈哈,0,nan
哈哈哈哈哈哈哈哈哈哈哈哈哈哈哈哈哈哈哈哈哈哈哈哈哈哈哈，原谅我无情的笑,0,nan
哈哈哈哈哈哈哈哈哈哈哈哈哈哈哈哈哈哈哈哈哈哈哈哈哈哈哈哈,0,nan
哈哈哈哈哈哈哈哈哈哈哈哈哈哈哈哈哈哈哈哈哈哈哈哈哈哈哈哈,0,nan
哈哈哈哈哈哈哈哈哈哈哈哈哈哈哈哈哈哈哈哈哈哈哈哈哈哈哈哈哈,0,nan
刚刚那就是省点的后果,4,nan
刚刚确实有个闸。。。看到了一半,4,nan
刚刚是不是有一个闸,4,nan
哈哈哈哈哈哈哈哈哈哈哈哈哈哈哈哈哈哈哈哈哈哈哈哈哈哈哈哈哈,0,nan
哈哈哈哈哈哈哈哈哈哈哈哈哈哈哈哈哈哈哈哈哈哈哈哈哈哈哈哈哈,0,nan
哈哈哈哈哈哈哈哈哈哈哈哈哈哈哈哈哈哈哈哈哈哈哈哈哈哈哈哈哈,0,nan
黄字君为大家保驾护航啊啊啊啊啊啊啊啊啊啊啊啊啊啊啊啊啊啊啊啊啊啊啊啊啊啊啊啊啊啊啊啊啊啊啊啊啊啊啊护眼模式啊啊啊啊啊啊啊啊啊啊啊啊啊啊啊啊啊啊啊啊啊啊啊啊啊啊啊弹幕护体弹幕护体弹幕护体弹幕护体弹幕护体,3,nan
刚刚是黑米，现在是白米,4,nan
哈哈哈哈哈哈哈哈哈哈哈哈哈哈哈哈哈哈哈哈哈哈哈哈哈哈哈哈哈嗝,0,nan
哈哈哈哈哈哈哈哈哈哈哈哈哈哈哈哈哈哈哈哈哈哈哈哈哈哈哈哈哈哈,0,nan
哈哈哈哈哈哈哈哈哈哈哈哈哈哈哈哈哈哈哈哈哈哈哈哈哈哈哈哈哈哈,0,nan
哈哈哈哈哈哈哈哈哈哈哈哈哈哈哈哈哈哈哈哈哈哈哈哈哈哈哈哈哈哈,0,nan
画质突然崩了？,4,nan
哈哈哈哈哈哈哈哈哈哈哈哈哈哈哈哈哈哈哈哈哈哈哈哈哈哈哈哈哈哈哈哈,0,nan
刚刚一万个锤子,4,nan
哈哈哈哈哈哈哈哈哈哈哈哈哈哈哈哈哈哈哈哈哈哈哈哈哈哈哈哈哈哈哈哈,0,nan
哈哈哈哈哈哈哈哈哈哈哈哈哈哈哈哈哈哈哈哈哈哈哈哈哈哈哈哈哈哈哈哈,0,nan
黄字君为你们保驾护航啊啊啊啊啊啊啊啊啊啊啊啊啊啊啊啊啊啊啊啊啊啊啊啊啊啊啊啊啊啊啊啊啊啊啊啊啊啊啊啊啊啊啊啊啊啊,3,nan
晃得我头晕,1,nan
刚刚窄过道不该站起来的吧，小哥哥直接一手抓住了ヾ(?A｀)ノ?,4,nan
哈哈哈哈哈哈哈哈哈哈哈哈哈哈哈哈哈哈哈哈哈哈哈哈哈哈哈哈哈哈哈哈哈哈,0,nan
刚刚桌子上是不是,4,nan
刚开始，就核能警告,4,nan
哈哈哈哈哈哈哈哈哈哈哈哈哈哈哈哈哈哈哈哈哈哈哈哈哈哈哈哈哈哈哈哈哈哈哈,0,nan
哈哈哈哈哈哈哈哈哈哈哈哈哈哈哈哈哈哈哈哈哈哈哈哈哈哈哈哈哈哈哈哈哈哈哈哈哈,0,nan
哈哈哈哈哈哈哈哈哈哈哈哈哈哈哈哈哈哈哈哈哈哈哈哈哈哈哈哈哈哈哈哈哈哈哈哈哈哈,0,nan
画质又恢复了？,4,nan
哈哈哈哈哈哈哈哈哈哈哈哈哈哈哈哈哈哈哈哈哈哈哈哈哈哈哈哈哈哈哈哈哈哈哈哈哈哈,0,nan
刚开始的房间？,4,nan
哈哈哈哈哈哈哈哈哈哈哈哈哈哈哈哈哈哈哈哈哈哈哈哈哈哈哈哈哈哈哈哈哈哈哈哈哈哈哈,0,nan
刚说完就。。。。,4,nan
哈哈哈哈哈哈哈哈哈哈哈哈哈哈哈哈哈哈哈哈哈哈哈哈哈哈哈哈哈哈哈哈哈哈哈哈哈哈哈哈,0,nan
哈哈哈哈哈哈哈哈哈哈哈哈哈哈哈哈哈哈哈哈哈哈哈哈哈哈哈哈哈哈哈哈哈哈哈哈哈哈哈哈哈哈哈哈,0,nan
钢锯要锯？？？,4,nan
哈哈哈哈哈哈哈哈哈哈哈哈哈哈哈哈哈哈哈哈哈哈哈哈哈哈哈哈哈哈哈哈哈哈哈哈哈哈哈哈哈哈哈哈,0,nan
钢铁是怎炼成的,4,nan
港诡实录你可以玩一下,4,nan
晃得我眼花,1,nan
晃的頭暈,1,nan
哈哈哈哈哈哈哈哈哈哈哈哈哈哈哈哈哈哈哈哈哈哈哈哈哈哈哈哈哈哈哈哈哈哈哈哈哈哈哈哈哈哈哈哈哈,0,nan
晃的我头晕,1,nan
高不高智商不知道 恶趣味是肯定的,4,nan
高蛋白,4,nan
哈哈哈哈哈哈哈哈哈哈哈哈哈哈哈哈哈哈哈哈哈哈哈哈哈哈哈哈哈哈哈哈哈哈哈哈哈哈哈哈哈哈哈哈哈哈,0,nan
高蛋白，治肾虚，不含糖,4,nan
哈哈哈哈哈哈哈哈哈哈哈哈哈哈哈哈哈哈哈哈哈哈哈哈哈哈哈哈哈哈哈哈哈哈哈哈哈哈哈哈哈哈哈哈哈哈哈哈,0,nan
